scenario,worker_concurrency,repetition,name,queue,status,duration_ms
mixed,8,1,hr.extract_text,heavy,succeeded,374
mixed,8,1,hr.extract_text,heavy,succeeded,218
mixed,8,1,hr.extract_text,heavy,succeeded,379
mixed,8,1,hr.extract_text,heavy,succeeded,458
mixed,8,1,hr.extract_text,heavy,succeeded,438
mixed,8,1,hr.extract_text,heavy,succeeded,289
mixed,8,1,hr.extract_text,heavy,succeeded,358
mixed,8,1,hr.extract_text,heavy,succeeded,365
mixed,8,1,hr.extract_text,heavy,succeeded,30
mixed,8,1,hr.extract_text,heavy,succeeded,107
mixed,8,1,hr.extract_text,heavy,succeeded,38
mixed,8,1,hr.extract_text,heavy,succeeded,47
mixed,8,1,hr.extract_text,heavy,succeeded,51
mixed,8,1,hr.extract_text,heavy,succeeded,88
mixed,8,1,hr.extract_text,heavy,succeeded,47
mixed,8,1,hr.extract_text,heavy,succeeded,126
mixed,8,1,hr.extract_text,heavy,succeeded,162
mixed,8,1,hr.extract_text,heavy,succeeded,38
mixed,8,1,hr.extract_text,heavy,succeeded,43
mixed,8,1,hr.extract_text,heavy,succeeded,70
mixed,8,1,hr.extract_text,heavy,succeeded,71
mixed,8,1,hr.extract_text,heavy,succeeded,69
mixed,8,1,hr.extract_text,heavy,succeeded,61
mixed,8,1,hr.extract_text,heavy,succeeded,106
mixed,8,1,hr.extract_text,heavy,succeeded,63
mixed,8,1,hr.extract_text,heavy,succeeded,89
mixed,8,1,hr.extract_text,heavy,succeeded,43
mixed,8,1,hr.extract_text,heavy,succeeded,156
mixed,8,1,hr.extract_text,heavy,succeeded,109
mixed,8,1,hr.extract_text,heavy,succeeded,124
mixed,8,1,hr.extract_text,heavy,succeeded,88
mixed,8,1,hr.extract_text,heavy,succeeded,37
mixed,8,1,hr.extract_text,heavy,succeeded,35
mixed,8,1,hr.extract_text,heavy,succeeded,56
mixed,8,1,hr.extract_text,heavy,succeeded,39
mixed,8,1,hr.extract_text,heavy,succeeded,46
mixed,8,1,hr.extract_text,heavy,succeeded,38
mixed,8,1,hr.extract_text,heavy,succeeded,65
mixed,8,1,hr.extract_text,heavy,succeeded,127
mixed,8,1,hr.extract_text,heavy,succeeded,75
mixed,8,1,hr.extract_text,heavy,succeeded,136
mixed,8,1,hr.extract_text,heavy,succeeded,98
mixed,8,1,hr.extract_text,heavy,succeeded,36
mixed,8,1,hr.extract_text,heavy,succeeded,67
mixed,8,1,hr.extract_text,heavy,succeeded,51
mixed,8,1,hr.extract_text,heavy,succeeded,31
mixed,8,1,hr.extract_text,heavy,succeeded,31
mixed,8,1,hr.extract_text,heavy,succeeded,27
mixed,8,1,hr.extract_text,heavy,succeeded,45
mixed,8,1,hr.extract_text,heavy,succeeded,53
mixed,8,1,hr.extract_text,heavy,succeeded,93
mixed,8,1,hr.extract_text,heavy,succeeded,141
mixed,8,1,hr.extract_text,heavy,succeeded,32
mixed,8,1,hr.extract_text,heavy,succeeded,29
mixed,8,1,hr.extract_text,heavy,succeeded,42
mixed,8,1,hr.extract_text,heavy,succeeded,57
mixed,8,1,hr.extract_text,heavy,succeeded,94
mixed,8,1,hr.extract_text,heavy,succeeded,124
mixed,8,1,hr.extract_text,heavy,succeeded,77
mixed,8,1,hr.extract_text,heavy,succeeded,86
mixed,8,1,hr.extract_text,heavy,succeeded,65
mixed,8,1,hr.extract_text,heavy,succeeded,67
mixed,8,1,hr.extract_text,heavy,succeeded,74
mixed,8,1,hr.extract_text,heavy,succeeded,24
mixed,8,1,hr.extract_text,heavy,succeeded,45
mixed,8,1,hr.extract_text,heavy,succeeded,62
mixed,8,1,hr.extract_text,heavy,succeeded,100
mixed,8,1,hr.extract_text,heavy,succeeded,97
mixed,8,1,hr.extract_text,heavy,succeeded,88
mixed,8,1,hr.extract_text,heavy,succeeded,62
mixed,8,1,hr.extract_text,heavy,succeeded,30
mixed,8,1,hr.extract_text,heavy,succeeded,159
mixed,8,1,hr.extract_text,heavy,succeeded,32
mixed,8,1,hr.extract_text,heavy,succeeded,27
mixed,8,1,hr.extract_text,heavy,succeeded,140
mixed,8,1,hr.extract_text,heavy,succeeded,28
mixed,8,1,hr.score_candidate,heavy,succeeded,11448
mixed,8,1,hr.extract_text,heavy,succeeded,28
mixed,8,1,hr.extract_text,heavy,succeeded,112
mixed,8,1,hr.extract_text,heavy,succeeded,50
mixed,8,1,hr.extract_text,heavy,succeeded,68
mixed,8,1,hr.extract_text,heavy,succeeded,28
mixed,8,1,hr.extract_text,heavy,succeeded,28
mixed,8,1,hr.extract_text,heavy,succeeded,35
mixed,8,1,hr.extract_text,heavy,succeeded,44
mixed,8,1,hr.extract_text,heavy,succeeded,76
mixed,8,1,hr.extract_text,heavy,succeeded,32
mixed,8,1,hr.extract_text,heavy,succeeded,37
mixed,8,1,hr.extract_text,heavy,succeeded,52
mixed,8,1,hr.score_candidate,heavy,succeeded,14147
mixed,8,1,hr.extract_text,heavy,succeeded,64
mixed,8,1,hr.extract_text,heavy,succeeded,101
mixed,8,1,hr.extract_text,heavy,succeeded,51
mixed,8,1,hr.extract_text,heavy,succeeded,48
mixed,8,1,hr.extract_text,heavy,succeeded,29
mixed,8,1,hr.extract_text,heavy,succeeded,63
mixed,8,1,hr.extract_text,heavy,succeeded,139
mixed,8,1,hr.extract_text,heavy,succeeded,38
mixed,8,1,hr.extract_text,heavy,succeeded,97
mixed,8,1,hr.extract_text,heavy,succeeded,89
mixed,8,1,hr.extract_text,heavy,succeeded,146
mixed,8,1,hr.extract_text,heavy,succeeded,151
mixed,8,1,hr.score_candidate,heavy,succeeded,14311
mixed,8,1,hr.score_candidate,heavy,succeeded,11325
mixed,8,1,hr.score_candidate,heavy,succeeded,13351
mixed,8,1,hr.score_candidate,heavy,succeeded,12933
mixed,8,1,hr.score_candidate,heavy,succeeded,14727
mixed,8,1,hr.score_candidate,heavy,succeeded,12525
mixed,8,1,hr.score_candidate,heavy,succeeded,12705
mixed,8,1,hr.score_candidate,heavy,succeeded,15088
mixed,8,1,hr.score_candidate,heavy,succeeded,9559
mixed,8,1,hr.score_candidate,heavy,succeeded,10450
mixed,8,1,hr.score_candidate,heavy,succeeded,12324
mixed,8,1,hr.score_candidate,heavy,succeeded,14747
mixed,8,1,hr.score_candidate,heavy,succeeded,14694
mixed,8,1,hr.score_candidate,heavy,succeeded,12142
mixed,8,1,hr.score_candidate,heavy,succeeded,9850
mixed,8,1,hr.score_candidate,heavy,succeeded,10650
mixed,8,1,hr.score_candidate,heavy,succeeded,9534
mixed,8,1,hr.score_candidate,heavy,succeeded,10327
mixed,8,1,hr.score_candidate,heavy,succeeded,9138
mixed,8,1,hr.score_candidate,heavy,succeeded,8420
mixed,8,1,hr.score_candidate,heavy,succeeded,12360
mixed,8,1,hr.score_candidate,heavy,succeeded,15089
mixed,8,1,hr.score_candidate,heavy,succeeded,13053
mixed,8,1,hr.score_candidate,heavy,succeeded,13142
mixed,8,1,hr.score_candidate,heavy,succeeded,12753
mixed,8,1,hr.score_candidate,heavy,succeeded,14054
mixed,8,1,hr.score_candidate,heavy,succeeded,13991
mixed,8,1,hr.score_candidate,heavy,succeeded,12857
mixed,8,1,hr.score_candidate,heavy,succeeded,12371
mixed,8,1,hr.score_candidate,heavy,succeeded,10006
mixed,8,1,hr.score_candidate,heavy,succeeded,10146
mixed,8,1,hr.score_candidate,heavy,succeeded,10666
mixed,8,1,hr.score_candidate,heavy,succeeded,13297
mixed,8,1,hr.score_candidate,heavy,succeeded,13577
mixed,8,1,hr.score_candidate,heavy,succeeded,11656
mixed,8,1,hr.score_candidate,heavy,succeeded,13377
mixed,8,1,hr.score_candidate,heavy,succeeded,10807
mixed,8,1,hr.score_candidate,heavy,succeeded,10562
mixed,8,1,hr.score_candidate,heavy,succeeded,10896
mixed,8,1,hr.score_candidate,heavy,succeeded,26372
mixed,8,1,hr.score_candidate,heavy,succeeded,21672
mixed,8,1,hr.score_candidate,heavy,succeeded,21698
mixed,8,1,hr.score_candidate,heavy,succeeded,26500
mixed,8,1,hr.score_candidate,heavy,succeeded,25818
mixed,8,1,hr.score_candidate,heavy,succeeded,24818
mixed,8,1,hr.score_candidate,heavy,succeeded,24883
mixed,8,1,hr.score_candidate,heavy,succeeded,22965
mixed,8,1,hr.score_candidate,heavy,succeeded,13182
mixed,8,1,hr.score_candidate,heavy,succeeded,12889
mixed,8,1,hr.score_candidate,heavy,succeeded,16139
mixed,8,1,hr.score_candidate,heavy,succeeded,9078
mixed,8,1,hr.score_candidate,heavy,succeeded,10291
mixed,8,1,hr.score_candidate,heavy,succeeded,11297
mixed,8,1,hr.score_candidate,heavy,succeeded,13008
mixed,8,1,hr.score_candidate,heavy,succeeded,12462
mixed,8,1,hr.score_candidate,heavy,succeeded,12401
mixed,8,1,hr.score_candidate,heavy,succeeded,11494
mixed,8,1,hr.score_candidate,heavy,succeeded,14134
mixed,8,1,hr.score_candidate,heavy,succeeded,9855
mixed,8,1,hr.score_candidate,heavy,succeeded,10267
mixed,8,1,hr.score_candidate,heavy,succeeded,10703
mixed,8,1,hr.score_candidate,heavy,succeeded,11530
mixed,8,1,hr.score_candidate,heavy,succeeded,11065
mixed,8,1,hr.score_candidate,heavy,succeeded,11133
mixed,8,1,hr.score_candidate,heavy,succeeded,10615
mixed,8,1,hr.score_candidate,heavy,succeeded,10896
mixed,8,1,hr.score_candidate,heavy,succeeded,12303
mixed,8,1,hr.score_candidate,heavy,succeeded,14078
mixed,8,1,hr.score_candidate,heavy,succeeded,13020
mixed,8,1,hr.score_candidate,heavy,succeeded,30023
mixed,8,1,hr.score_candidate,heavy,succeeded,30442
mixed,8,1,hr.score_candidate,heavy,succeeded,25395
mixed,8,1,hr.score_candidate,heavy,succeeded,29957
mixed,8,1,hr.score_candidate,heavy,succeeded,29917
mixed,8,1,hr.score_candidate,heavy,succeeded,29484
mixed,8,1,hr.score_candidate,heavy,succeeded,22211
mixed,8,1,hr.score_candidate,heavy,succeeded,24647
mixed,8,1,hr.score_candidate,heavy,succeeded,11831
mixed,8,1,hr.score_candidate,heavy,succeeded,12070
mixed,8,1,hr.score_candidate,heavy,succeeded,11388
mixed,8,1,hr.score_candidate,heavy,succeeded,11791
mixed,8,1,hr.score_candidate,heavy,succeeded,10807
mixed,8,1,hr.score_candidate,heavy,succeeded,13860
mixed,8,1,hr.score_candidate,heavy,succeeded,9642
mixed,8,1,hr.score_candidate,heavy,succeeded,10549
mixed,8,1,hr.score_candidate,heavy,succeeded,12339
mixed,8,1,hr.score_candidate,heavy,succeeded,12000
mixed,8,1,hr.score_candidate,heavy,succeeded,11774
mixed,8,1,hr.score_candidate,heavy,succeeded,11939
mixed,8,1,hr.score_candidate,heavy,succeeded,10118
mixed,8,1,hr.score_candidate,heavy,succeeded,11176
mixed,8,1,hr.score_candidate,heavy,succeeded,13129
mixed,8,1,hr.score_candidate,heavy,succeeded,10003
mixed,8,1,hr.score_candidate,heavy,succeeded,11616
mixed,8,1,hr.score_candidate,heavy,succeeded,12347
mixed,8,1,hr.score_candidate,heavy,succeeded,11486
mixed,8,1,hr.score_candidate,heavy,succeeded,13301
mixed,8,1,hr.score_candidate,heavy,succeeded,10716
mixed,8,1,hr.rank_run,light,succeeded,112
hr-50,2,1,hr.extract_text,heavy,succeeded,212
hr-50,2,1,hr.extract_text,heavy,succeeded,256
hr-50,2,1,hr.extract_text,heavy,succeeded,88
hr-50,2,1,hr.extract_text,heavy,succeeded,43
hr-50,2,1,hr.extract_text,heavy,succeeded,39
hr-50,2,1,hr.extract_text,heavy,succeeded,82
hr-50,2,1,hr.extract_text,heavy,succeeded,41
hr-50,2,1,hr.extract_text,heavy,succeeded,49
hr-50,2,1,hr.extract_text,heavy,succeeded,35
hr-50,2,1,hr.extract_text,heavy,succeeded,84
hr-50,2,1,hr.extract_text,heavy,succeeded,41
hr-50,2,1,hr.extract_text,heavy,succeeded,39
hr-50,2,1,hr.extract_text,heavy,succeeded,25
hr-50,2,1,hr.extract_text,heavy,succeeded,69
hr-50,2,1,hr.extract_text,heavy,succeeded,42
hr-50,2,1,hr.extract_text,heavy,succeeded,45
hr-50,2,1,hr.extract_text,heavy,succeeded,90
hr-50,2,1,hr.extract_text,heavy,succeeded,25
hr-50,2,1,hr.extract_text,heavy,succeeded,24
hr-50,2,1,hr.extract_text,heavy,succeeded,25
hr-50,2,1,hr.extract_text,heavy,succeeded,62
hr-50,2,1,hr.extract_text,heavy,succeeded,54
hr-50,2,1,hr.extract_text,heavy,succeeded,32
hr-50,2,1,hr.extract_text,heavy,succeeded,95
hr-50,2,1,hr.extract_text,heavy,succeeded,64
hr-50,2,1,hr.extract_text,heavy,succeeded,58
hr-50,2,1,hr.extract_text,heavy,succeeded,27
hr-50,2,1,hr.extract_text,heavy,succeeded,71
hr-50,2,1,hr.extract_text,heavy,succeeded,52
hr-50,2,1,hr.extract_text,heavy,succeeded,69
hr-50,2,1,hr.extract_text,heavy,succeeded,83
hr-50,2,1,hr.extract_text,heavy,succeeded,26
hr-50,2,1,hr.extract_text,heavy,succeeded,31
hr-50,2,1,hr.extract_text,heavy,succeeded,28
hr-50,2,1,hr.extract_text,heavy,succeeded,41
hr-50,2,1,hr.extract_text,heavy,succeeded,30
hr-50,2,1,hr.extract_text,heavy,succeeded,38
hr-50,2,1,hr.extract_text,heavy,succeeded,83
hr-50,2,1,hr.extract_text,heavy,succeeded,85
hr-50,2,1,hr.extract_text,heavy,succeeded,90
hr-50,2,1,hr.extract_text,heavy,succeeded,65
hr-50,2,1,hr.extract_text,heavy,succeeded,84
hr-50,2,1,hr.extract_text,heavy,succeeded,31
hr-50,2,1,hr.extract_text,heavy,succeeded,32
hr-50,2,1,hr.extract_text,heavy,succeeded,39
hr-50,2,1,hr.extract_text,heavy,succeeded,33
hr-50,2,1,hr.extract_text,heavy,succeeded,35
hr-50,2,1,hr.extract_text,heavy,succeeded,35
hr-50,2,1,hr.extract_text,heavy,succeeded,45
hr-50,2,1,hr.extract_text,heavy,succeeded,35
hr-50,2,1,hr.score_candidate,heavy,succeeded,8670
hr-50,2,1,hr.score_candidate,heavy,succeeded,13610
hr-50,2,1,hr.score_candidate,heavy,succeeded,10929
hr-50,2,1,hr.score_candidate,heavy,succeeded,8239
hr-50,2,1,hr.score_candidate,heavy,succeeded,14350
hr-50,2,1,hr.score_candidate,heavy,succeeded,12766
hr-50,2,1,hr.score_candidate,heavy,succeeded,8902
hr-50,2,1,hr.score_candidate,heavy,succeeded,11084
hr-50,2,1,hr.score_candidate,heavy,succeeded,13197
hr-50,2,1,hr.score_candidate,heavy,succeeded,12946
hr-50,2,1,hr.score_candidate,heavy,succeeded,12019
hr-50,2,1,hr.score_candidate,heavy,succeeded,13767
hr-50,2,1,hr.score_candidate,heavy,succeeded,10344
hr-50,2,1,hr.score_candidate,heavy,succeeded,8594
hr-50,2,1,hr.score_candidate,heavy,succeeded,13541
hr-50,2,1,hr.score_candidate,heavy,succeeded,8726
hr-50,2,1,hr.score_candidate,heavy,succeeded,12282
hr-50,2,1,hr.score_candidate,heavy,succeeded,13377
hr-50,2,1,hr.score_candidate,heavy,succeeded,10954
hr-50,2,1,hr.score_candidate,heavy,succeeded,10459
hr-50,2,1,hr.score_candidate,heavy,succeeded,10948
hr-50,2,1,hr.score_candidate,heavy,succeeded,10353
hr-50,2,1,hr.score_candidate,heavy,succeeded,10445
hr-50,2,1,hr.score_candidate,heavy,succeeded,11696
hr-50,2,1,hr.score_candidate,heavy,succeeded,10433
hr-50,2,1,hr.score_candidate,heavy,succeeded,11940
hr-50,2,1,hr.score_candidate,heavy,succeeded,9842
hr-50,2,1,hr.score_candidate,heavy,succeeded,9503
hr-50,2,1,hr.score_candidate,heavy,succeeded,11540
hr-50,2,1,hr.score_candidate,heavy,succeeded,12137
hr-50,2,1,hr.score_candidate,heavy,succeeded,11812
hr-50,2,1,hr.score_candidate,heavy,succeeded,10876
hr-50,2,1,hr.score_candidate,heavy,succeeded,14119
hr-50,2,1,hr.score_candidate,heavy,succeeded,10965
hr-50,2,1,hr.score_candidate,heavy,succeeded,11538
hr-50,2,1,hr.score_candidate,heavy,succeeded,12164
hr-50,2,1,hr.score_candidate,heavy,succeeded,13401
hr-50,2,1,hr.score_candidate,heavy,succeeded,10881
hr-50,2,1,hr.score_candidate,heavy,succeeded,14665
hr-50,2,1,hr.score_candidate,heavy,succeeded,14959
hr-50,2,1,hr.score_candidate,heavy,succeeded,10452
hr-50,2,1,hr.score_candidate,heavy,succeeded,13185
hr-50,2,1,hr.score_candidate,heavy,succeeded,10973
hr-50,2,1,hr.score_candidate,heavy,succeeded,12921
hr-50,2,1,hr.score_candidate,heavy,succeeded,13240
hr-50,2,1,hr.score_candidate,heavy,succeeded,13417
hr-50,2,1,hr.score_candidate,heavy,succeeded,13962
hr-50,2,1,hr.score_candidate,heavy,succeeded,14930
hr-50,2,1,hr.score_candidate,heavy,succeeded,11871
hr-50,2,1,hr.score_candidate,heavy,succeeded,11922
hr-50,2,1,hr.rank_run,light,succeeded,76
hr-50,2,2,hr.extract_text,heavy,succeeded,222
hr-50,2,2,hr.extract_text,heavy,succeeded,276
hr-50,2,2,hr.extract_text,heavy,succeeded,70
hr-50,2,2,hr.extract_text,heavy,succeeded,44
hr-50,2,2,hr.extract_text,heavy,succeeded,67
hr-50,2,2,hr.extract_text,heavy,succeeded,33
hr-50,2,2,hr.extract_text,heavy,succeeded,34
hr-50,2,2,hr.extract_text,heavy,succeeded,41
hr-50,2,2,hr.extract_text,heavy,succeeded,36
hr-50,2,2,hr.extract_text,heavy,succeeded,83
hr-50,2,2,hr.extract_text,heavy,succeeded,41
hr-50,2,2,hr.extract_text,heavy,succeeded,29
hr-50,2,2,hr.extract_text,heavy,succeeded,45
hr-50,2,2,hr.extract_text,heavy,succeeded,62
hr-50,2,2,hr.extract_text,heavy,succeeded,40
hr-50,2,2,hr.extract_text,heavy,succeeded,46
hr-50,2,2,hr.extract_text,heavy,succeeded,77
hr-50,2,2,hr.extract_text,heavy,succeeded,26
hr-50,2,2,hr.extract_text,heavy,succeeded,30
hr-50,2,2,hr.extract_text,heavy,succeeded,55
hr-50,2,2,hr.extract_text,heavy,succeeded,27
hr-50,2,2,hr.extract_text,heavy,succeeded,47
hr-50,2,2,hr.extract_text,heavy,succeeded,27
hr-50,2,2,hr.extract_text,heavy,succeeded,97
hr-50,2,2,hr.extract_text,heavy,succeeded,52
hr-50,2,2,hr.extract_text,heavy,succeeded,52
hr-50,2,2,hr.extract_text,heavy,succeeded,27
hr-50,2,2,hr.extract_text,heavy,succeeded,68
hr-50,2,2,hr.extract_text,heavy,succeeded,50
hr-50,2,2,hr.extract_text,heavy,succeeded,73
hr-50,2,2,hr.extract_text,heavy,succeeded,75
hr-50,2,2,hr.extract_text,heavy,succeeded,27
hr-50,2,2,hr.extract_text,heavy,succeeded,38
hr-50,2,2,hr.extract_text,heavy,succeeded,27
hr-50,2,2,hr.extract_text,heavy,succeeded,36
hr-50,2,2,hr.extract_text,heavy,succeeded,31
hr-50,2,2,hr.extract_text,heavy,succeeded,96
hr-50,2,2,hr.extract_text,heavy,succeeded,49
hr-50,2,2,hr.extract_text,heavy,succeeded,97
hr-50,2,2,hr.extract_text,heavy,succeeded,68
hr-50,2,2,hr.extract_text,heavy,succeeded,66
hr-50,2,2,hr.extract_text,heavy,succeeded,87
hr-50,2,2,hr.extract_text,heavy,succeeded,42
hr-50,2,2,hr.extract_text,heavy,succeeded,31
hr-50,2,2,hr.extract_text,heavy,succeeded,27
hr-50,2,2,hr.extract_text,heavy,succeeded,37
hr-50,2,2,hr.extract_text,heavy,succeeded,28
hr-50,2,2,hr.extract_text,heavy,succeeded,31
hr-50,2,2,hr.extract_text,heavy,succeeded,35
hr-50,2,2,hr.extract_text,heavy,succeeded,45
hr-50,2,2,hr.score_candidate,heavy,succeeded,13143
hr-50,2,2,hr.score_candidate,heavy,succeeded,10642
hr-50,2,2,hr.score_candidate,heavy,succeeded,11641
hr-50,2,2,hr.score_candidate,heavy,succeeded,10407
hr-50,2,2,hr.score_candidate,heavy,succeeded,13758
hr-50,2,2,hr.score_candidate,heavy,succeeded,11562
hr-50,2,2,hr.score_candidate,heavy,succeeded,10207
hr-50,2,2,hr.score_candidate,heavy,succeeded,12550
hr-50,2,2,hr.score_candidate,heavy,succeeded,11154
hr-50,2,2,hr.score_candidate,heavy,succeeded,10751
hr-50,2,2,hr.score_candidate,heavy,succeeded,12700
hr-50,2,2,hr.score_candidate,heavy,succeeded,13227
hr-50,2,2,hr.score_candidate,heavy,succeeded,11214
hr-50,2,2,hr.score_candidate,heavy,succeeded,11511
hr-50,2,2,hr.score_candidate,heavy,succeeded,9007
hr-50,2,2,hr.score_candidate,heavy,succeeded,10909
hr-50,2,2,hr.score_candidate,heavy,succeeded,12743
hr-50,2,2,hr.score_candidate,heavy,succeeded,18474
hr-50,2,2,hr.score_candidate,heavy,succeeded,10087
hr-50,2,2,hr.score_candidate,heavy,succeeded,15448
hr-50,2,2,hr.score_candidate,heavy,succeeded,12121
hr-50,2,2,hr.score_candidate,heavy,succeeded,9459
hr-50,2,2,hr.score_candidate,heavy,succeeded,8768
hr-50,2,2,hr.score_candidate,heavy,succeeded,10107
hr-50,2,2,hr.score_candidate,heavy,succeeded,14235
hr-50,2,2,hr.score_candidate,heavy,succeeded,11423
hr-50,2,2,hr.score_candidate,heavy,succeeded,12678
hr-50,2,2,hr.score_candidate,heavy,succeeded,19000
hr-50,2,2,hr.score_candidate,heavy,succeeded,15267
hr-50,2,2,hr.score_candidate,heavy,succeeded,13407
hr-50,2,2,hr.score_candidate,heavy,succeeded,20561
hr-50,2,2,hr.score_candidate,heavy,succeeded,12086
hr-50,2,2,hr.score_candidate,heavy,succeeded,11877
hr-50,2,2,hr.score_candidate,heavy,succeeded,9320
hr-50,2,2,hr.score_candidate,heavy,succeeded,10085
hr-50,2,2,hr.score_candidate,heavy,succeeded,10616
hr-50,2,2,hr.score_candidate,heavy,succeeded,11358
hr-50,2,2,hr.score_candidate,heavy,succeeded,10851
hr-50,2,2,hr.score_candidate,heavy,succeeded,11502
hr-50,2,2,hr.score_candidate,heavy,succeeded,11818
hr-50,2,2,hr.score_candidate,heavy,succeeded,9746
hr-50,2,2,hr.score_candidate,heavy,succeeded,9822
hr-50,2,2,hr.score_candidate,heavy,succeeded,10631
hr-50,2,2,hr.score_candidate,heavy,succeeded,9525
hr-50,2,2,hr.score_candidate,heavy,succeeded,9765
hr-50,2,2,hr.score_candidate,heavy,succeeded,12053
hr-50,2,2,hr.score_candidate,heavy,succeeded,15394
hr-50,2,2,hr.score_candidate,heavy,succeeded,12390
hr-50,2,2,hr.score_candidate,heavy,succeeded,11069
hr-50,2,2,hr.score_candidate,heavy,succeeded,11198
hr-50,2,2,hr.rank_run,light,succeeded,82
hr-50,2,3,hr.extract_text,heavy,succeeded,211
hr-50,2,3,hr.extract_text,heavy,succeeded,232
hr-50,2,3,hr.extract_text,heavy,succeeded,69
hr-50,2,3,hr.extract_text,heavy,succeeded,43
hr-50,2,3,hr.extract_text,heavy,succeeded,80
hr-50,2,3,hr.extract_text,heavy,succeeded,36
hr-50,2,3,hr.extract_text,heavy,succeeded,31
hr-50,2,3,hr.extract_text,heavy,succeeded,30
hr-50,2,3,hr.extract_text,heavy,succeeded,30
hr-50,2,3,hr.extract_text,heavy,succeeded,36
hr-50,2,3,hr.extract_text,heavy,succeeded,83
hr-50,2,3,hr.extract_text,heavy,succeeded,35
hr-50,2,3,hr.extract_text,heavy,succeeded,41
hr-50,2,3,hr.extract_text,heavy,succeeded,58
hr-50,2,3,hr.extract_text,heavy,succeeded,47
hr-50,2,3,hr.extract_text,heavy,succeeded,47
hr-50,2,3,hr.extract_text,heavy,succeeded,78
hr-50,2,3,hr.extract_text,heavy,succeeded,26
hr-50,2,3,hr.extract_text,heavy,succeeded,27
hr-50,2,3,hr.extract_text,heavy,succeeded,26
hr-50,2,3,hr.extract_text,heavy,succeeded,60
hr-50,2,3,hr.extract_text,heavy,succeeded,47
hr-50,2,3,hr.extract_text,heavy,succeeded,30
hr-50,2,3,hr.extract_text,heavy,succeeded,103
hr-50,2,3,hr.extract_text,heavy,succeeded,54
hr-50,2,3,hr.extract_text,heavy,succeeded,50
hr-50,2,3,hr.extract_text,heavy,succeeded,28
hr-50,2,3,hr.extract_text,heavy,succeeded,66
hr-50,2,3,hr.extract_text,heavy,succeeded,56
hr-50,2,3,hr.extract_text,heavy,succeeded,91
hr-50,2,3,hr.extract_text,heavy,succeeded,86
hr-50,2,3,hr.extract_text,heavy,succeeded,35
hr-50,2,3,hr.extract_text,heavy,succeeded,32
hr-50,2,3,hr.extract_text,heavy,succeeded,43
hr-50,2,3,hr.extract_text,heavy,succeeded,29
hr-50,2,3,hr.extract_text,heavy,succeeded,29
hr-50,2,3,hr.extract_text,heavy,succeeded,35
hr-50,2,3,hr.extract_text,heavy,succeeded,62
hr-50,2,3,hr.extract_text,heavy,succeeded,67
hr-50,2,3,hr.extract_text,heavy,succeeded,76
hr-50,2,3,hr.extract_text,heavy,succeeded,55
hr-50,2,3,hr.extract_text,heavy,succeeded,70
hr-50,2,3,hr.extract_text,heavy,succeeded,36
hr-50,2,3,hr.extract_text,heavy,succeeded,28
hr-50,2,3,hr.extract_text,heavy,succeeded,27
hr-50,2,3,hr.extract_text,heavy,succeeded,27
hr-50,2,3,hr.extract_text,heavy,succeeded,24
hr-50,2,3,hr.extract_text,heavy,succeeded,28
hr-50,2,3,hr.extract_text,heavy,succeeded,34
hr-50,2,3,hr.extract_text,heavy,succeeded,35
hr-50,2,3,hr.score_candidate,heavy,succeeded,10882
hr-50,2,3,hr.score_candidate,heavy,succeeded,17005
hr-50,2,3,hr.score_candidate,heavy,succeeded,9546
hr-50,2,3,hr.score_candidate,heavy,succeeded,12258
hr-50,2,3,hr.score_candidate,heavy,succeeded,13629
hr-50,2,3,hr.score_candidate,heavy,succeeded,11949
hr-50,2,3,hr.score_candidate,heavy,succeeded,9310
hr-50,2,3,hr.score_candidate,heavy,succeeded,13042
hr-50,2,3,hr.score_candidate,heavy,succeeded,12370
hr-50,2,3,hr.score_candidate,heavy,succeeded,9991
hr-50,2,3,hr.score_candidate,heavy,succeeded,16266
hr-50,2,3,hr.score_candidate,heavy,succeeded,13050
hr-50,2,3,hr.score_candidate,heavy,succeeded,10810
hr-50,2,3,hr.score_candidate,heavy,succeeded,12503
hr-50,2,3,hr.score_candidate,heavy,succeeded,8589
hr-50,2,3,hr.score_candidate,heavy,succeeded,8498
hr-50,2,3,hr.score_candidate,heavy,succeeded,13925
hr-50,2,3,hr.score_candidate,heavy,succeeded,10488
hr-50,2,3,hr.score_candidate,heavy,succeeded,11927
hr-50,2,3,hr.score_candidate,heavy,succeeded,10542
hr-50,2,3,hr.score_candidate,heavy,succeeded,10133
hr-50,2,3,hr.score_candidate,heavy,succeeded,9806
hr-50,2,3,hr.score_candidate,heavy,succeeded,10680
hr-50,2,3,hr.score_candidate,heavy,succeeded,10499
hr-50,2,3,hr.score_candidate,heavy,succeeded,14930
hr-50,2,3,hr.score_candidate,heavy,succeeded,12704
hr-50,2,3,hr.score_candidate,heavy,succeeded,13573
hr-50,2,3,hr.score_candidate,heavy,succeeded,11662
hr-50,2,3,hr.score_candidate,heavy,succeeded,10142
hr-50,2,3,hr.score_candidate,heavy,succeeded,13334
hr-50,2,3,hr.score_candidate,heavy,succeeded,14405
hr-50,2,3,hr.score_candidate,heavy,succeeded,14180
hr-50,2,3,hr.score_candidate,heavy,succeeded,14578
hr-50,2,3,hr.score_candidate,heavy,succeeded,10417
hr-50,2,3,hr.score_candidate,heavy,succeeded,11618
hr-50,2,3,hr.score_candidate,heavy,succeeded,9558
hr-50,2,3,hr.score_candidate,heavy,succeeded,13994
hr-50,2,3,hr.score_candidate,heavy,succeeded,13415
hr-50,2,3,hr.score_candidate,heavy,succeeded,11813
hr-50,2,3,hr.score_candidate,heavy,succeeded,13490
hr-50,2,3,hr.score_candidate,heavy,succeeded,11992
hr-50,2,3,hr.score_candidate,heavy,succeeded,12442
hr-50,2,3,hr.score_candidate,heavy,succeeded,10177
hr-50,2,3,hr.score_candidate,heavy,succeeded,11147
hr-50,2,3,hr.score_candidate,heavy,succeeded,13281
hr-50,2,3,hr.score_candidate,heavy,succeeded,11944
hr-50,2,3,hr.score_candidate,heavy,succeeded,21711
hr-50,2,3,hr.score_candidate,heavy,succeeded,13766
hr-50,2,3,hr.score_candidate,heavy,succeeded,11944
hr-50,2,3,hr.score_candidate,heavy,succeeded,13011
hr-50,2,3,hr.rank_run,light,succeeded,78
hr-50,4,1,hr.extract_text,heavy,succeeded,299
hr-50,4,1,hr.extract_text,heavy,succeeded,303
hr-50,4,1,hr.extract_text,heavy,succeeded,299
hr-50,4,1,hr.extract_text,heavy,succeeded,318
hr-50,4,1,hr.extract_text,heavy,succeeded,91
hr-50,4,1,hr.extract_text,heavy,succeeded,77
hr-50,4,1,hr.extract_text,heavy,succeeded,75
hr-50,4,1,hr.extract_text,heavy,succeeded,27
hr-50,4,1,hr.extract_text,heavy,succeeded,48
hr-50,4,1,hr.extract_text,heavy,succeeded,101
hr-50,4,1,hr.extract_text,heavy,succeeded,44
hr-50,4,1,hr.extract_text,heavy,succeeded,38
hr-50,4,1,hr.extract_text,heavy,succeeded,31
hr-50,4,1,hr.extract_text,heavy,succeeded,63
hr-50,4,1,hr.extract_text,heavy,succeeded,63
hr-50,4,1,hr.extract_text,heavy,succeeded,72
hr-50,4,1,hr.extract_text,heavy,succeeded,97
hr-50,4,1,hr.extract_text,heavy,succeeded,28
hr-50,4,1,hr.extract_text,heavy,succeeded,37
hr-50,4,1,hr.extract_text,heavy,succeeded,79
hr-50,4,1,hr.extract_text,heavy,succeeded,41
hr-50,4,1,hr.extract_text,heavy,succeeded,69
hr-50,4,1,hr.extract_text,heavy,succeeded,48
hr-50,4,1,hr.extract_text,heavy,succeeded,85
hr-50,4,1,hr.extract_text,heavy,succeeded,82
hr-50,4,1,hr.extract_text,heavy,succeeded,99
hr-50,4,1,hr.extract_text,heavy,succeeded,57
hr-50,4,1,hr.extract_text,heavy,succeeded,108
hr-50,4,1,hr.extract_text,heavy,succeeded,73
hr-50,4,1,hr.extract_text,heavy,succeeded,82
hr-50,4,1,hr.extract_text,heavy,succeeded,117
hr-50,4,1,hr.extract_text,heavy,succeeded,43
hr-50,4,1,hr.extract_text,heavy,succeeded,27
hr-50,4,1,hr.extract_text,heavy,succeeded,50
hr-50,4,1,hr.extract_text,heavy,succeeded,78
hr-50,4,1,hr.extract_text,heavy,succeeded,34
hr-50,4,1,hr.extract_text,heavy,succeeded,38
hr-50,4,1,hr.extract_text,heavy,succeeded,74
hr-50,4,1,hr.extract_text,heavy,succeeded,80
hr-50,4,1,hr.extract_text,heavy,succeeded,101
hr-50,4,1,hr.extract_text,heavy,succeeded,65
hr-50,4,1,hr.extract_text,heavy,succeeded,106
hr-50,4,1,hr.extract_text,heavy,succeeded,40
hr-50,4,1,hr.extract_text,heavy,succeeded,42
hr-50,4,1,hr.extract_text,heavy,succeeded,26
hr-50,4,1,hr.extract_text,heavy,succeeded,31
hr-50,4,1,hr.extract_text,heavy,succeeded,27
hr-50,4,1,hr.extract_text,heavy,succeeded,24
hr-50,4,1,hr.extract_text,heavy,succeeded,29
hr-50,4,1,hr.score_candidate,heavy,succeeded,14625
hr-50,4,1,hr.extract_text,heavy,succeeded,29
hr-50,4,1,hr.score_candidate,heavy,succeeded,11359
hr-50,4,1,hr.score_candidate,heavy,succeeded,13516
hr-50,4,1,hr.score_candidate,heavy,succeeded,10617
hr-50,4,1,hr.score_candidate,heavy,succeeded,12096
hr-50,4,1,hr.score_candidate,heavy,succeeded,13425
hr-50,4,1,hr.score_candidate,heavy,succeeded,13103
hr-50,4,1,hr.score_candidate,heavy,succeeded,12097
hr-50,4,1,hr.score_candidate,heavy,succeeded,11075
hr-50,4,1,hr.score_candidate,heavy,succeeded,12327
hr-50,4,1,hr.score_candidate,heavy,succeeded,9871
hr-50,4,1,hr.score_candidate,heavy,succeeded,9523
hr-50,4,1,hr.score_candidate,heavy,succeeded,14616
hr-50,4,1,hr.score_candidate,heavy,succeeded,10195
hr-50,4,1,hr.score_candidate,heavy,succeeded,7543
hr-50,4,1,hr.score_candidate,heavy,succeeded,8471
hr-50,4,1,hr.score_candidate,heavy,succeeded,10689
hr-50,4,1,hr.score_candidate,heavy,succeeded,12444
hr-50,4,1,hr.score_candidate,heavy,succeeded,9115
hr-50,4,1,hr.score_candidate,heavy,succeeded,15885
hr-50,4,1,hr.score_candidate,heavy,succeeded,11486
hr-50,4,1,hr.score_candidate,heavy,succeeded,10225
hr-50,4,1,hr.score_candidate,heavy,succeeded,13257
hr-50,4,1,hr.score_candidate,heavy,succeeded,12239
hr-50,4,1,hr.score_candidate,heavy,succeeded,10832
hr-50,4,1,hr.score_candidate,heavy,succeeded,12070
hr-50,4,1,hr.score_candidate,heavy,succeeded,10878
hr-50,4,1,hr.score_candidate,heavy,succeeded,8432
hr-50,4,1,hr.score_candidate,heavy,succeeded,10970
hr-50,4,1,hr.score_candidate,heavy,succeeded,11114
hr-50,4,1,hr.score_candidate,heavy,succeeded,12676
hr-50,4,1,hr.score_candidate,heavy,succeeded,13129
hr-50,4,1,hr.score_candidate,heavy,succeeded,9821
hr-50,4,1,hr.score_candidate,heavy,succeeded,12360
hr-50,4,1,hr.score_candidate,heavy,succeeded,10646
hr-50,4,1,hr.score_candidate,heavy,succeeded,11269
hr-50,4,1,hr.score_candidate,heavy,succeeded,13260
hr-50,4,1,hr.score_candidate,heavy,succeeded,8892
hr-50,4,1,hr.score_candidate,heavy,succeeded,11212
hr-50,4,1,hr.score_candidate,heavy,succeeded,8605
hr-50,4,1,hr.score_candidate,heavy,succeeded,14406
hr-50,4,1,hr.score_candidate,heavy,succeeded,11737
hr-50,4,1,hr.score_candidate,heavy,succeeded,15656
hr-50,4,1,hr.score_candidate,heavy,succeeded,10392
hr-50,4,1,hr.score_candidate,heavy,succeeded,13793
hr-50,4,1,hr.score_candidate,heavy,succeeded,12153
hr-50,4,1,hr.score_candidate,heavy,succeeded,11767
hr-50,4,1,hr.score_candidate,heavy,succeeded,12066
hr-50,4,1,hr.score_candidate,heavy,succeeded,11565
hr-50,4,1,hr.score_candidate,heavy,succeeded,11209
hr-50,4,1,hr.rank_run,light,succeeded,54
hr-50,4,2,hr.extract_text,heavy,succeeded,256
hr-50,4,2,hr.extract_text,heavy,succeeded,240
hr-50,4,2,hr.extract_text,heavy,succeeded,214
hr-50,4,2,hr.extract_text,heavy,succeeded,312
hr-50,4,2,hr.extract_text,heavy,succeeded,80
hr-50,4,2,hr.extract_text,heavy,succeeded,46
hr-50,4,2,hr.extract_text,heavy,succeeded,52
hr-50,4,2,hr.extract_text,heavy,succeeded,40
hr-50,4,2,hr.extract_text,heavy,succeeded,25
hr-50,4,2,hr.extract_text,heavy,succeeded,100
hr-50,4,2,hr.extract_text,heavy,succeeded,41
hr-50,4,2,hr.extract_text,heavy,succeeded,36
hr-50,4,2,hr.extract_text,heavy,succeeded,28
hr-50,4,2,hr.extract_text,heavy,succeeded,68
hr-50,4,2,hr.extract_text,heavy,succeeded,60
hr-50,4,2,hr.extract_text,heavy,succeeded,57
hr-50,4,2,hr.extract_text,heavy,succeeded,103
hr-50,4,2,hr.extract_text,heavy,succeeded,30
hr-50,4,2,hr.extract_text,heavy,succeeded,34
hr-50,4,2,hr.extract_text,heavy,succeeded,80
hr-50,4,2,hr.extract_text,heavy,succeeded,33
hr-50,4,2,hr.extract_text,heavy,succeeded,57
hr-50,4,2,hr.extract_text,heavy,succeeded,34
hr-50,4,2,hr.extract_text,heavy,succeeded,65
hr-50,4,2,hr.extract_text,heavy,succeeded,126
hr-50,4,2,hr.extract_text,heavy,succeeded,60
hr-50,4,2,hr.extract_text,heavy,succeeded,36
hr-50,4,2,hr.extract_text,heavy,succeeded,93
hr-50,4,2,hr.extract_text,heavy,succeeded,92
hr-50,4,2,hr.extract_text,heavy,succeeded,97
hr-50,4,2,hr.extract_text,heavy,succeeded,93
hr-50,4,2,hr.extract_text,heavy,succeeded,29
hr-50,4,2,hr.extract_text,heavy,succeeded,34
hr-50,4,2,hr.extract_text,heavy,succeeded,29
hr-50,4,2,hr.extract_text,heavy,succeeded,26
hr-50,4,2,hr.extract_text,heavy,succeeded,35
hr-50,4,2,hr.extract_text,heavy,succeeded,25
hr-50,4,2,hr.extract_text,heavy,succeeded,68
hr-50,4,2,hr.extract_text,heavy,succeeded,65
hr-50,4,2,hr.extract_text,heavy,succeeded,74
hr-50,4,2,hr.extract_text,heavy,succeeded,68
hr-50,4,2,hr.extract_text,heavy,succeeded,76
hr-50,4,2,hr.extract_text,heavy,succeeded,25
hr-50,4,2,hr.extract_text,heavy,succeeded,30
hr-50,4,2,hr.extract_text,heavy,succeeded,25
hr-50,4,2,hr.extract_text,heavy,succeeded,25
hr-50,4,2,hr.extract_text,heavy,succeeded,25
hr-50,4,2,hr.extract_text,heavy,succeeded,41
hr-50,4,2,hr.extract_text,heavy,succeeded,31
hr-50,4,2,hr.extract_text,heavy,succeeded,39
hr-50,4,2,hr.score_candidate,heavy,succeeded,9577
hr-50,4,2,hr.score_candidate,heavy,succeeded,14577
hr-50,4,2,hr.score_candidate,heavy,succeeded,10133
hr-50,4,2,hr.score_candidate,heavy,succeeded,14822
hr-50,4,2,hr.score_candidate,heavy,succeeded,11356
hr-50,4,2,hr.score_candidate,heavy,succeeded,12318
hr-50,4,2,hr.score_candidate,heavy,succeeded,9119
hr-50,4,2,hr.score_candidate,heavy,succeeded,11578
hr-50,4,2,hr.score_candidate,heavy,succeeded,11909
hr-50,4,2,hr.score_candidate,heavy,succeeded,11647
hr-50,4,2,hr.score_candidate,heavy,succeeded,10713
hr-50,4,2,hr.score_candidate,heavy,succeeded,12097
hr-50,4,2,hr.score_candidate,heavy,succeeded,14090
hr-50,4,2,hr.score_candidate,heavy,succeeded,10756
hr-50,4,2,hr.score_candidate,heavy,succeeded,11709
hr-50,4,2,hr.score_candidate,heavy,succeeded,8675
hr-50,4,2,hr.score_candidate,heavy,succeeded,11366
hr-50,4,2,hr.score_candidate,heavy,succeeded,9707
hr-50,4,2,hr.score_candidate,heavy,succeeded,8843
hr-50,4,2,hr.score_candidate,heavy,succeeded,12168
hr-50,4,2,hr.score_candidate,heavy,succeeded,14105
hr-50,4,2,hr.score_candidate,heavy,succeeded,10098
hr-50,4,2,hr.score_candidate,heavy,succeeded,14272
hr-50,4,2,hr.score_candidate,heavy,succeeded,12181
hr-50,4,2,hr.score_candidate,heavy,succeeded,10785
hr-50,4,2,hr.score_candidate,heavy,succeeded,11262
hr-50,4,2,hr.score_candidate,heavy,succeeded,12423
hr-50,4,2,hr.score_candidate,heavy,succeeded,15624
hr-50,4,2,hr.score_candidate,heavy,succeeded,9427
hr-50,4,2,hr.score_candidate,heavy,succeeded,14579
hr-50,4,2,hr.score_candidate,heavy,succeeded,21863
hr-50,4,2,hr.score_candidate,heavy,succeeded,14270
hr-50,4,2,hr.score_candidate,heavy,succeeded,11232
hr-50,4,2,hr.score_candidate,heavy,succeeded,13218
hr-50,4,2,hr.score_candidate,heavy,succeeded,10005
hr-50,4,2,hr.score_candidate,heavy,succeeded,9619
hr-50,4,2,hr.score_candidate,heavy,succeeded,11562
hr-50,4,2,hr.score_candidate,heavy,succeeded,11217
hr-50,4,2,hr.score_candidate,heavy,succeeded,11770
hr-50,4,2,hr.score_candidate,heavy,succeeded,12387
hr-50,4,2,hr.score_candidate,heavy,succeeded,13758
hr-50,4,2,hr.score_candidate,heavy,succeeded,13137
hr-50,4,2,hr.score_candidate,heavy,succeeded,12789
hr-50,4,2,hr.score_candidate,heavy,succeeded,13435
hr-50,4,2,hr.score_candidate,heavy,succeeded,12580
hr-50,4,2,hr.score_candidate,heavy,succeeded,11805
hr-50,4,2,hr.score_candidate,heavy,succeeded,11802
hr-50,4,2,hr.score_candidate,heavy,succeeded,12276
hr-50,4,2,hr.score_candidate,heavy,succeeded,12325
hr-50,4,2,hr.score_candidate,heavy,succeeded,12874
hr-50,4,2,hr.rank_run,light,succeeded,74
hr-50,4,3,hr.extract_text,heavy,succeeded,234
hr-50,4,3,hr.extract_text,heavy,succeeded,287
hr-50,4,3,hr.extract_text,heavy,succeeded,287
hr-50,4,3,hr.extract_text,heavy,succeeded,283
hr-50,4,3,hr.extract_text,heavy,succeeded,77
hr-50,4,3,hr.extract_text,heavy,succeeded,40
hr-50,4,3,hr.extract_text,heavy,succeeded,47
hr-50,4,3,hr.extract_text,heavy,succeeded,59
hr-50,4,3,hr.extract_text,heavy,succeeded,40
hr-50,4,3,hr.extract_text,heavy,succeeded,95
hr-50,4,3,hr.extract_text,heavy,succeeded,39
hr-50,4,3,hr.extract_text,heavy,succeeded,59
hr-50,4,3,hr.extract_text,heavy,succeeded,34
hr-50,4,3,hr.extract_text,heavy,succeeded,83
hr-50,4,3,hr.extract_text,heavy,succeeded,50
hr-50,4,3,hr.extract_text,heavy,succeeded,63
hr-50,4,3,hr.extract_text,heavy,succeeded,87
hr-50,4,3,hr.extract_text,heavy,succeeded,31
hr-50,4,3,hr.extract_text,heavy,succeeded,34
hr-50,4,3,hr.extract_text,heavy,succeeded,75
hr-50,4,3,hr.extract_text,heavy,succeeded,27
hr-50,4,3,hr.extract_text,heavy,succeeded,65
hr-50,4,3,hr.extract_text,heavy,succeeded,27
hr-50,4,3,hr.extract_text,heavy,succeeded,90
hr-50,4,3,hr.extract_text,heavy,succeeded,53
hr-50,4,3,hr.extract_text,heavy,succeeded,66
hr-50,4,3,hr.extract_text,heavy,succeeded,32
hr-50,4,3,hr.extract_text,heavy,succeeded,79
hr-50,4,3,hr.extract_text,heavy,succeeded,60
hr-50,4,3,hr.extract_text,heavy,succeeded,65
hr-50,4,3,hr.extract_text,heavy,succeeded,89
hr-50,4,3,hr.extract_text,heavy,succeeded,31
hr-50,4,3,hr.extract_text,heavy,succeeded,24
hr-50,4,3,hr.extract_text,heavy,succeeded,30
hr-50,4,3,hr.extract_text,heavy,succeeded,27
hr-50,4,3,hr.extract_text,heavy,succeeded,37
hr-50,4,3,hr.extract_text,heavy,succeeded,32
hr-50,4,3,hr.extract_text,heavy,succeeded,63
hr-50,4,3,hr.extract_text,heavy,succeeded,71
hr-50,4,3,hr.extract_text,heavy,succeeded,89
hr-50,4,3,hr.extract_text,heavy,succeeded,67
hr-50,4,3,hr.extract_text,heavy,succeeded,80
hr-50,4,3,hr.extract_text,heavy,succeeded,26
hr-50,4,3,hr.extract_text,heavy,succeeded,28
hr-50,4,3,hr.extract_text,heavy,succeeded,29
hr-50,4,3,hr.extract_text,heavy,succeeded,27
hr-50,4,3,hr.extract_text,heavy,succeeded,32
hr-50,4,3,hr.extract_text,heavy,succeeded,34
hr-50,4,3,hr.extract_text,heavy,succeeded,29
hr-50,4,3,hr.extract_text,heavy,succeeded,31
hr-50,4,3,hr.score_candidate,heavy,succeeded,11183
hr-50,4,3,hr.score_candidate,heavy,succeeded,13989
hr-50,4,3,hr.score_candidate,heavy,succeeded,10948
hr-50,4,3,hr.score_candidate,heavy,succeeded,14319
hr-50,4,3,hr.score_candidate,heavy,succeeded,11114
hr-50,4,3,hr.score_candidate,heavy,succeeded,14288
hr-50,4,3,hr.score_candidate,heavy,succeeded,8773
hr-50,4,3,hr.score_candidate,heavy,succeeded,10616
hr-50,4,3,hr.score_candidate,heavy,succeeded,10421
hr-50,4,3,hr.score_candidate,heavy,succeeded,11279
hr-50,4,3,hr.score_candidate,heavy,succeeded,8698
hr-50,4,3,hr.score_candidate,heavy,succeeded,13159
hr-50,4,3,hr.score_candidate,heavy,succeeded,10647
hr-50,4,3,hr.score_candidate,heavy,succeeded,10533
hr-50,4,3,hr.score_candidate,heavy,succeeded,9468
hr-50,4,3,hr.score_candidate,heavy,succeeded,8073
hr-50,4,3,hr.score_candidate,heavy,succeeded,17839
hr-50,4,3,hr.score_candidate,heavy,succeeded,11935
hr-50,4,3,hr.score_candidate,heavy,succeeded,11331
hr-50,4,3,hr.score_candidate,heavy,succeeded,11068
hr-50,4,3,hr.score_candidate,heavy,succeeded,9081
hr-50,4,3,hr.score_candidate,heavy,succeeded,11795
hr-50,4,3,hr.score_candidate,heavy,succeeded,8595
hr-50,4,3,hr.score_candidate,heavy,succeeded,10797
hr-50,4,3,hr.score_candidate,heavy,succeeded,11988
hr-50,4,3,hr.score_candidate,heavy,succeeded,11222
hr-50,4,3,hr.score_candidate,heavy,succeeded,10471
hr-50,4,3,hr.score_candidate,heavy,succeeded,8748
hr-50,4,3,hr.score_candidate,heavy,succeeded,12357
hr-50,4,3,hr.score_candidate,heavy,succeeded,11403
hr-50,4,3,hr.score_candidate,heavy,succeeded,11370
hr-50,4,3,hr.score_candidate,heavy,succeeded,18074
hr-50,4,3,hr.score_candidate,heavy,succeeded,13864
hr-50,4,3,hr.score_candidate,heavy,succeeded,11127
hr-50,4,3,hr.score_candidate,heavy,succeeded,10776
hr-50,4,3,hr.score_candidate,heavy,succeeded,8628
hr-50,4,3,hr.score_candidate,heavy,succeeded,12175
hr-50,4,3,hr.score_candidate,heavy,succeeded,10563
hr-50,4,3,hr.score_candidate,heavy,succeeded,14116
hr-50,4,3,hr.score_candidate,heavy,succeeded,13690
hr-50,4,3,hr.score_candidate,heavy,succeeded,14064
hr-50,4,3,hr.score_candidate,heavy,succeeded,14689
hr-50,4,3,hr.score_candidate,heavy,succeeded,10210
hr-50,4,3,hr.score_candidate,heavy,succeeded,9685
hr-50,4,3,hr.score_candidate,heavy,succeeded,12500
hr-50,4,3,hr.score_candidate,heavy,succeeded,16017
hr-50,4,3,hr.score_candidate,heavy,succeeded,14634
hr-50,4,3,hr.score_candidate,heavy,succeeded,15694
hr-50,4,3,hr.score_candidate,heavy,succeeded,13717
hr-50,4,3,hr.score_candidate,heavy,succeeded,11857
hr-50,4,3,hr.rank_run,light,succeeded,582
hr-50,8,1,hr.extract_text,heavy,succeeded,523
hr-50,8,1,hr.extract_text,heavy,succeeded,494
hr-50,8,1,hr.extract_text,heavy,succeeded,467
hr-50,8,1,hr.extract_text,heavy,succeeded,463
hr-50,8,1,hr.extract_text,heavy,succeeded,456
hr-50,8,1,hr.extract_text,heavy,succeeded,670
hr-50,8,1,hr.extract_text,heavy,succeeded,702
hr-50,8,1,hr.extract_text,heavy,succeeded,476
hr-50,8,1,hr.extract_text,heavy,succeeded,74
hr-50,8,1,hr.extract_text,heavy,succeeded,243
hr-50,8,1,hr.extract_text,heavy,succeeded,81
hr-50,8,1,hr.extract_text,heavy,succeeded,82
hr-50,8,1,hr.extract_text,heavy,succeeded,34
hr-50,8,1,hr.extract_text,heavy,succeeded,192
hr-50,8,1,hr.extract_text,heavy,succeeded,94
hr-50,8,1,hr.extract_text,heavy,succeeded,159
hr-50,8,1,hr.extract_text,heavy,succeeded,294
hr-50,8,1,hr.extract_text,heavy,succeeded,99
hr-50,8,1,hr.extract_text,heavy,succeeded,58
hr-50,8,1,hr.extract_text,heavy,succeeded,188
hr-50,8,1,hr.extract_text,heavy,succeeded,82
hr-50,8,1,hr.extract_text,heavy,succeeded,156
hr-50,8,1,hr.extract_text,heavy,succeeded,70
hr-50,8,1,hr.extract_text,heavy,succeeded,190
hr-50,8,1,hr.extract_text,heavy,succeeded,176
hr-50,8,1,hr.extract_text,heavy,succeeded,168
hr-50,8,1,hr.extract_text,heavy,succeeded,97
hr-50,8,1,hr.extract_text,heavy,succeeded,133
hr-50,8,1,hr.extract_text,heavy,succeeded,264
hr-50,8,1,hr.extract_text,heavy,succeeded,162
hr-50,8,1,hr.extract_text,heavy,succeeded,204
hr-50,8,1,hr.extract_text,heavy,succeeded,65
hr-50,8,1,hr.extract_text,heavy,succeeded,121
hr-50,8,1,hr.extract_text,heavy,succeeded,38
hr-50,8,1,hr.extract_text,heavy,succeeded,38
hr-50,8,1,hr.extract_text,heavy,succeeded,89
hr-50,8,1,hr.extract_text,heavy,succeeded,66
hr-50,8,1,hr.extract_text,heavy,succeeded,57
hr-50,8,1,hr.extract_text,heavy,succeeded,173
hr-50,8,1,hr.extract_text,heavy,succeeded,68
hr-50,8,1,hr.extract_text,heavy,succeeded,134
hr-50,8,1,hr.extract_text,heavy,succeeded,197
hr-50,8,1,hr.extract_text,heavy,succeeded,77
hr-50,8,1,hr.extract_text,heavy,succeeded,113
hr-50,8,1,hr.extract_text,heavy,succeeded,61
hr-50,8,1,hr.extract_text,heavy,succeeded,81
hr-50,8,1,hr.extract_text,heavy,succeeded,92
hr-50,8,1,hr.extract_text,heavy,succeeded,53
hr-50,8,1,hr.extract_text,heavy,succeeded,67
hr-50,8,1,hr.extract_text,heavy,succeeded,88
hr-50,8,1,hr.score_candidate,heavy,succeeded,12895
hr-50,8,1,hr.score_candidate,heavy,succeeded,11537
hr-50,8,1,hr.score_candidate,heavy,succeeded,12095
hr-50,8,1,hr.score_candidate,heavy,succeeded,13368
hr-50,8,1,hr.score_candidate,heavy,succeeded,15660
hr-50,8,1,hr.score_candidate,heavy,succeeded,11448
hr-50,8,1,hr.score_candidate,heavy,succeeded,16268
hr-50,8,1,hr.score_candidate,heavy,succeeded,12918
hr-50,8,1,hr.score_candidate,heavy,succeeded,11986
hr-50,8,1,hr.score_candidate,heavy,succeeded,11923
hr-50,8,1,hr.score_candidate,heavy,succeeded,10074
hr-50,8,1,hr.score_candidate,heavy,succeeded,15733
hr-50,8,1,hr.score_candidate,heavy,succeeded,15551
hr-50,8,1,hr.score_candidate,heavy,succeeded,13121
hr-50,8,1,hr.score_candidate,heavy,succeeded,10785
hr-50,8,1,hr.score_candidate,heavy,succeeded,10410
hr-50,8,1,hr.score_candidate,heavy,succeeded,11318
hr-50,8,1,hr.score_candidate,heavy,succeeded,11222
hr-50,8,1,hr.score_candidate,heavy,succeeded,11798
hr-50,8,1,hr.score_candidate,heavy,succeeded,11662
hr-50,8,1,hr.score_candidate,heavy,succeeded,9622
hr-50,8,1,hr.score_candidate,heavy,succeeded,9169
hr-50,8,1,hr.score_candidate,heavy,succeeded,13077
hr-50,8,1,hr.score_candidate,heavy,succeeded,11092
hr-50,8,1,hr.score_candidate,heavy,succeeded,12502
hr-50,8,1,hr.score_candidate,heavy,succeeded,10693
hr-50,8,1,hr.score_candidate,heavy,succeeded,14113
hr-50,8,1,hr.score_candidate,heavy,succeeded,18352
hr-50,8,1,hr.score_candidate,heavy,succeeded,9253
hr-50,8,1,hr.score_candidate,heavy,succeeded,11390
hr-50,8,1,hr.score_candidate,heavy,succeeded,11645
hr-50,8,1,hr.score_candidate,heavy,succeeded,8634
hr-50,8,1,hr.score_candidate,heavy,succeeded,25371
hr-50,8,1,hr.score_candidate,heavy,succeeded,26032
hr-50,8,1,hr.score_candidate,heavy,succeeded,24263
hr-50,8,1,hr.score_candidate,heavy,succeeded,19550
hr-50,8,1,hr.score_candidate,heavy,succeeded,26288
hr-50,8,1,hr.score_candidate,heavy,succeeded,27641
hr-50,8,1,hr.score_candidate,heavy,succeeded,25356
hr-50,8,1,hr.score_candidate,heavy,succeeded,20708
hr-50,8,1,hr.score_candidate,heavy,succeeded,9516
hr-50,8,1,hr.score_candidate,heavy,succeeded,8243
hr-50,8,1,hr.score_candidate,heavy,succeeded,12196
hr-50,8,1,hr.score_candidate,heavy,succeeded,10439
hr-50,8,1,hr.score_candidate,heavy,succeeded,12897
hr-50,8,1,hr.score_candidate,heavy,succeeded,13509
hr-50,8,1,hr.score_candidate,heavy,succeeded,11930
hr-50,8,1,hr.score_candidate,heavy,succeeded,14179
hr-50,8,1,hr.score_candidate,heavy,succeeded,12854
hr-50,8,1,hr.score_candidate,heavy,succeeded,9941
hr-50,8,1,hr.rank_run,light,succeeded,50
hr-50,8,2,hr.extract_text,heavy,succeeded,368
hr-50,8,2,hr.extract_text,heavy,succeeded,278
hr-50,8,2,hr.extract_text,heavy,succeeded,362
hr-50,8,2,hr.extract_text,heavy,succeeded,299
hr-50,8,2,hr.extract_text,heavy,succeeded,360
hr-50,8,2,hr.extract_text,heavy,succeeded,278
hr-50,8,2,hr.extract_text,heavy,succeeded,458
hr-50,8,2,hr.extract_text,heavy,succeeded,491
hr-50,8,2,hr.extract_text,heavy,succeeded,38
hr-50,8,2,hr.extract_text,heavy,succeeded,187
hr-50,8,2,hr.extract_text,heavy,succeeded,36
hr-50,8,2,hr.extract_text,heavy,succeeded,41
hr-50,8,2,hr.extract_text,heavy,succeeded,51
hr-50,8,2,hr.extract_text,heavy,succeeded,78
hr-50,8,2,hr.extract_text,heavy,succeeded,87
hr-50,8,2,hr.extract_text,heavy,succeeded,99
hr-50,8,2,hr.extract_text,heavy,succeeded,146
hr-50,8,2,hr.extract_text,heavy,succeeded,35
hr-50,8,2,hr.extract_text,heavy,succeeded,46
hr-50,8,2,hr.extract_text,heavy,succeeded,127
hr-50,8,2,hr.extract_text,heavy,succeeded,110
hr-50,8,2,hr.extract_text,heavy,succeeded,83
hr-50,8,2,hr.extract_text,heavy,succeeded,34
hr-50,8,2,hr.extract_text,heavy,succeeded,109
hr-50,8,2,hr.extract_text,heavy,succeeded,111
hr-50,8,2,hr.extract_text,heavy,succeeded,65
hr-50,8,2,hr.extract_text,heavy,succeeded,38
hr-50,8,2,hr.extract_text,heavy,succeeded,84
hr-50,8,2,hr.extract_text,heavy,succeeded,127
hr-50,8,2,hr.extract_text,heavy,succeeded,93
hr-50,8,2,hr.extract_text,heavy,succeeded,91
hr-50,8,2,hr.extract_text,heavy,succeeded,66
hr-50,8,2,hr.extract_text,heavy,succeeded,64
hr-50,8,2,hr.extract_text,heavy,succeeded,41
hr-50,8,2,hr.extract_text,heavy,succeeded,66
hr-50,8,2,hr.extract_text,heavy,succeeded,34
hr-50,8,2,hr.extract_text,heavy,succeeded,42
hr-50,8,2,hr.extract_text,heavy,succeeded,65
hr-50,8,2,hr.extract_text,heavy,succeeded,176
hr-50,8,2,hr.extract_text,heavy,succeeded,80
hr-50,8,2,hr.extract_text,heavy,succeeded,150
hr-50,8,2,hr.extract_text,heavy,succeeded,95
hr-50,8,2,hr.extract_text,heavy,succeeded,72
hr-50,8,2,hr.extract_text,heavy,succeeded,63
hr-50,8,2,hr.extract_text,heavy,succeeded,34
hr-50,8,2,hr.extract_text,heavy,succeeded,31
hr-50,8,2,hr.extract_text,heavy,succeeded,44
hr-50,8,2,hr.extract_text,heavy,succeeded,42
hr-50,8,2,hr.extract_text,heavy,succeeded,34
hr-50,8,2,hr.score_candidate,heavy,succeeded,12098
hr-50,8,2,hr.score_candidate,heavy,succeeded,11061
hr-50,8,2,hr.extract_text,heavy,succeeded,67
hr-50,8,2,hr.score_candidate,heavy,succeeded,11015
hr-50,8,2,hr.score_candidate,heavy,succeeded,11581
hr-50,8,2,hr.score_candidate,heavy,succeeded,21292
hr-50,8,2,hr.score_candidate,heavy,succeeded,12279
hr-50,8,2,hr.score_candidate,heavy,succeeded,14547
hr-50,8,2,hr.score_candidate,heavy,succeeded,13433
hr-50,8,2,hr.score_candidate,heavy,succeeded,9900
hr-50,8,2,hr.score_candidate,heavy,succeeded,9017
hr-50,8,2,hr.score_candidate,heavy,succeeded,11079
hr-50,8,2,hr.score_candidate,heavy,succeeded,10894
hr-50,8,2,hr.score_candidate,heavy,succeeded,19778
hr-50,8,2,hr.score_candidate,heavy,succeeded,9801
hr-50,8,2,hr.score_candidate,heavy,succeeded,12929
hr-50,8,2,hr.score_candidate,heavy,succeeded,9879
hr-50,8,2,hr.score_candidate,heavy,succeeded,12400
hr-50,8,2,hr.score_candidate,heavy,succeeded,9278
hr-50,8,2,hr.score_candidate,heavy,succeeded,9723
hr-50,8,2,hr.score_candidate,heavy,succeeded,21043
hr-50,8,2,hr.score_candidate,heavy,succeeded,11012
hr-50,8,2,hr.score_candidate,heavy,succeeded,11486
hr-50,8,2,hr.score_candidate,heavy,succeeded,12314
hr-50,8,2,hr.score_candidate,heavy,succeeded,7579
hr-50,8,2,hr.score_candidate,heavy,succeeded,11536
hr-50,8,2,hr.score_candidate,heavy,succeeded,13299
hr-50,8,2,hr.score_candidate,heavy,succeeded,18281
hr-50,8,2,hr.score_candidate,heavy,succeeded,12767
hr-50,8,2,hr.score_candidate,heavy,succeeded,13180
hr-50,8,2,hr.score_candidate,heavy,succeeded,11252
hr-50,8,2,hr.score_candidate,heavy,succeeded,10461
hr-50,8,2,hr.score_candidate,heavy,succeeded,12100
hr-50,8,2,hr.score_candidate,heavy,succeeded,12233
hr-50,8,2,hr.score_candidate,heavy,succeeded,10852
hr-50,8,2,hr.score_candidate,heavy,succeeded,7874
hr-50,8,2,hr.score_candidate,heavy,succeeded,22817
hr-50,8,2,hr.score_candidate,heavy,succeeded,23476
hr-50,8,2,hr.score_candidate,heavy,succeeded,22653
hr-50,8,2,hr.score_candidate,heavy,succeeded,20652
hr-50,8,2,hr.score_candidate,heavy,succeeded,24633
hr-50,8,2,hr.score_candidate,heavy,succeeded,24222
hr-50,8,2,hr.score_candidate,heavy,succeeded,24513
hr-50,8,2,hr.score_candidate,heavy,succeeded,24360
hr-50,8,2,hr.score_candidate,heavy,succeeded,12528
hr-50,8,2,hr.score_candidate,heavy,succeeded,11695
hr-50,8,2,hr.score_candidate,heavy,succeeded,12611
hr-50,8,2,hr.score_candidate,heavy,succeeded,15119
hr-50,8,2,hr.score_candidate,heavy,succeeded,12393
hr-50,8,2,hr.score_candidate,heavy,succeeded,12569
hr-50,8,2,hr.score_candidate,heavy,succeeded,14360
hr-50,8,2,hr.rank_run,light,succeeded,78
hr-50,8,3,hr.extract_text,heavy,succeeded,236
hr-50,8,3,hr.extract_text,heavy,succeeded,326
hr-50,8,3,hr.extract_text,heavy,succeeded,303
hr-50,8,3,hr.extract_text,heavy,succeeded,274
hr-50,8,3,hr.extract_text,heavy,succeeded,451
hr-50,8,3,hr.extract_text,heavy,succeeded,323
hr-50,8,3,hr.extract_text,heavy,succeeded,403
hr-50,8,3,hr.extract_text,heavy,succeeded,42
hr-50,8,3,hr.extract_text,heavy,succeeded,483
hr-50,8,3,hr.extract_text,heavy,succeeded,197
hr-50,8,3,hr.extract_text,heavy,succeeded,95
hr-50,8,3,hr.extract_text,heavy,succeeded,62
hr-50,8,3,hr.extract_text,heavy,succeeded,50
hr-50,8,3,hr.extract_text,heavy,succeeded,82
hr-50,8,3,hr.extract_text,heavy,succeeded,104
hr-50,8,3,hr.extract_text,heavy,succeeded,108
hr-50,8,3,hr.extract_text,heavy,succeeded,196
hr-50,8,3,hr.extract_text,heavy,succeeded,40
hr-50,8,3,hr.extract_text,heavy,succeeded,49
hr-50,8,3,hr.extract_text,heavy,succeeded,137
hr-50,8,3,hr.extract_text,heavy,succeeded,64
hr-50,8,3,hr.extract_text,heavy,succeeded,65
hr-50,8,3,hr.extract_text,heavy,succeeded,72
hr-50,8,3,hr.extract_text,heavy,succeeded,100
hr-50,8,3,hr.extract_text,heavy,succeeded,74
hr-50,8,3,hr.extract_text,heavy,succeeded,159
hr-50,8,3,hr.extract_text,heavy,succeeded,61
hr-50,8,3,hr.extract_text,heavy,succeeded,105
hr-50,8,3,hr.extract_text,heavy,succeeded,117
hr-50,8,3,hr.extract_text,heavy,succeeded,110
hr-50,8,3,hr.extract_text,heavy,succeeded,157
hr-50,8,3,hr.extract_text,heavy,succeeded,57
hr-50,8,3,hr.extract_text,heavy,succeeded,56
hr-50,8,3,hr.extract_text,heavy,succeeded,46
hr-50,8,3,hr.extract_text,heavy,succeeded,33
hr-50,8,3,hr.extract_text,heavy,succeeded,45
hr-50,8,3,hr.extract_text,heavy,succeeded,54
hr-50,8,3,hr.extract_text,heavy,succeeded,117
hr-50,8,3,hr.extract_text,heavy,succeeded,158
hr-50,8,3,hr.extract_text,heavy,succeeded,153
hr-50,8,3,hr.extract_text,heavy,succeeded,71
hr-50,8,3,hr.extract_text,heavy,succeeded,90
hr-50,8,3,hr.extract_text,heavy,succeeded,31
hr-50,8,3,hr.extract_text,heavy,succeeded,52
hr-50,8,3,hr.extract_text,heavy,succeeded,27
hr-50,8,3,hr.extract_text,heavy,succeeded,50
hr-50,8,3,hr.extract_text,heavy,succeeded,28
hr-50,8,3,hr.extract_text,heavy,succeeded,71
hr-50,8,3,hr.extract_text,heavy,succeeded,30
hr-50,8,3,hr.extract_text,heavy,succeeded,56
hr-50,8,3,hr.score_candidate,heavy,succeeded,9909
hr-50,8,3,hr.score_candidate,heavy,succeeded,9646
hr-50,8,3,hr.score_candidate,heavy,succeeded,11285
hr-50,8,3,hr.score_candidate,heavy,succeeded,9922
hr-50,8,3,hr.score_candidate,heavy,succeeded,12529
hr-50,8,3,hr.score_candidate,heavy,succeeded,13956
hr-50,8,3,hr.score_candidate,heavy,succeeded,10118
hr-50,8,3,hr.score_candidate,heavy,succeeded,9800
hr-50,8,3,hr.score_candidate,heavy,succeeded,12322
hr-50,8,3,hr.score_candidate,heavy,succeeded,12286
hr-50,8,3,hr.score_candidate,heavy,succeeded,11019
hr-50,8,3,hr.score_candidate,heavy,succeeded,11597
hr-50,8,3,hr.score_candidate,heavy,succeeded,10923
hr-50,8,3,hr.score_candidate,heavy,succeeded,16918
hr-50,8,3,hr.score_candidate,heavy,succeeded,12280
hr-50,8,3,hr.score_candidate,heavy,succeeded,11230
hr-50,8,3,hr.score_candidate,heavy,succeeded,7400
hr-50,8,3,hr.score_candidate,heavy,succeeded,7880
hr-50,8,3,hr.score_candidate,heavy,succeeded,12972
hr-50,8,3,hr.score_candidate,heavy,succeeded,6997
hr-50,8,3,hr.score_candidate,heavy,succeeded,11907
hr-50,8,3,hr.score_candidate,heavy,succeeded,10863
hr-50,8,3,hr.score_candidate,heavy,succeeded,12249
hr-50,8,3,hr.score_candidate,heavy,succeeded,11688
hr-50,8,3,hr.score_candidate,heavy,succeeded,10204
hr-50,8,3,hr.score_candidate,heavy,succeeded,11048
hr-50,8,3,hr.score_candidate,heavy,succeeded,9408
hr-50,8,3,hr.score_candidate,heavy,succeeded,10055
hr-50,8,3,hr.score_candidate,heavy,succeeded,9397
hr-50,8,3,hr.score_candidate,heavy,succeeded,12013
hr-50,8,3,hr.score_candidate,heavy,succeeded,11371
hr-50,8,3,hr.score_candidate,heavy,succeeded,8504
hr-50,8,3,hr.score_candidate,heavy,succeeded,9190
hr-50,8,3,hr.score_candidate,heavy,succeeded,13574
hr-50,8,3,hr.score_candidate,heavy,succeeded,11025
hr-50,8,3,hr.score_candidate,heavy,succeeded,14892
hr-50,8,3,hr.score_candidate,heavy,succeeded,12736
hr-50,8,3,hr.score_candidate,heavy,succeeded,11223
hr-50,8,3,hr.score_candidate,heavy,succeeded,10509
hr-50,8,3,hr.score_candidate,heavy,succeeded,27908
hr-50,8,3,hr.score_candidate,heavy,succeeded,26972
hr-50,8,3,hr.score_candidate,heavy,succeeded,25597
hr-50,8,3,hr.score_candidate,heavy,succeeded,21844
hr-50,8,3,hr.score_candidate,heavy,succeeded,26249
hr-50,8,3,hr.score_candidate,heavy,succeeded,33553
hr-50,8,3,hr.score_candidate,heavy,succeeded,25391
hr-50,8,3,hr.score_candidate,heavy,succeeded,26147
hr-50,8,3,hr.score_candidate,heavy,succeeded,12616
hr-50,8,3,hr.score_candidate,heavy,succeeded,11294
hr-50,8,3,hr.score_candidate,heavy,succeeded,11062
hr-50,8,3,hr.rank_run,light,succeeded,71
hr-100,4,1,hr.extract_text,heavy,succeeded,221
hr-100,4,1,hr.extract_text,heavy,succeeded,272
hr-100,4,1,hr.extract_text,heavy,succeeded,238
hr-100,4,1,hr.extract_text,heavy,succeeded,246
hr-100,4,1,hr.extract_text,heavy,succeeded,81
hr-100,4,1,hr.extract_text,heavy,succeeded,41
hr-100,4,1,hr.extract_text,heavy,succeeded,62
hr-100,4,1,hr.extract_text,heavy,succeeded,53
hr-100,4,1,hr.extract_text,heavy,succeeded,33
hr-100,4,1,hr.extract_text,heavy,succeeded,105
hr-100,4,1,hr.extract_text,heavy,succeeded,49
hr-100,4,1,hr.extract_text,heavy,succeeded,35
hr-100,4,1,hr.extract_text,heavy,succeeded,42
hr-100,4,1,hr.extract_text,heavy,succeeded,78
hr-100,4,1,hr.extract_text,heavy,succeeded,59
hr-100,4,1,hr.extract_text,heavy,succeeded,67
hr-100,4,1,hr.extract_text,heavy,succeeded,129
hr-100,4,1,hr.extract_text,heavy,succeeded,33
hr-100,4,1,hr.extract_text,heavy,succeeded,30
hr-100,4,1,hr.extract_text,heavy,succeeded,66
hr-100,4,1,hr.extract_text,heavy,succeeded,34
hr-100,4,1,hr.extract_text,heavy,succeeded,55
hr-100,4,1,hr.extract_text,heavy,succeeded,34
hr-100,4,1,hr.extract_text,heavy,succeeded,122
hr-100,4,1,hr.extract_text,heavy,succeeded,69
hr-100,4,1,hr.extract_text,heavy,succeeded,63
hr-100,4,1,hr.extract_text,heavy,succeeded,36
hr-100,4,1,hr.extract_text,heavy,succeeded,96
hr-100,4,1,hr.extract_text,heavy,succeeded,54
hr-100,4,1,hr.extract_text,heavy,succeeded,82
hr-100,4,1,hr.extract_text,heavy,succeeded,90
hr-100,4,1,hr.extract_text,heavy,succeeded,27
hr-100,4,1,hr.extract_text,heavy,succeeded,31
hr-100,4,1,hr.extract_text,heavy,succeeded,34
hr-100,4,1,hr.extract_text,heavy,succeeded,37
hr-100,4,1,hr.extract_text,heavy,succeeded,29
hr-100,4,1,hr.extract_text,heavy,succeeded,32
hr-100,4,1,hr.extract_text,heavy,succeeded,79
hr-100,4,1,hr.extract_text,heavy,succeeded,76
hr-100,4,1,hr.extract_text,heavy,succeeded,92
hr-100,4,1,hr.extract_text,heavy,succeeded,71
hr-100,4,1,hr.extract_text,heavy,succeeded,72
hr-100,4,1,hr.extract_text,heavy,succeeded,28
hr-100,4,1,hr.extract_text,heavy,succeeded,33
hr-100,4,1,hr.extract_text,heavy,succeeded,25
hr-100,4,1,hr.extract_text,heavy,succeeded,28
hr-100,4,1,hr.extract_text,heavy,succeeded,37
hr-100,4,1,hr.extract_text,heavy,succeeded,25
hr-100,4,1,hr.extract_text,heavy,succeeded,31
hr-100,4,1,hr.extract_text,heavy,succeeded,29
hr-100,4,1,hr.extract_text,heavy,succeeded,57
hr-100,4,1,hr.extract_text,heavy,succeeded,77
hr-100,4,1,hr.extract_text,heavy,succeeded,29
hr-100,4,1,hr.extract_text,heavy,succeeded,28
hr-100,4,1,hr.extract_text,heavy,succeeded,29
hr-100,4,1,hr.extract_text,heavy,succeeded,75
hr-100,4,1,hr.extract_text,heavy,succeeded,48
hr-100,4,1,hr.extract_text,heavy,succeeded,58
hr-100,4,1,hr.extract_text,heavy,succeeded,82
hr-100,4,1,hr.extract_text,heavy,succeeded,72
hr-100,4,1,hr.extract_text,heavy,succeeded,26
hr-100,4,1,hr.extract_text,heavy,succeeded,49
hr-100,4,1,hr.extract_text,heavy,succeeded,65
hr-100,4,1,hr.extract_text,heavy,succeeded,30
hr-100,4,1,hr.extract_text,heavy,succeeded,37
hr-100,4,1,hr.extract_text,heavy,succeeded,23
hr-100,4,1,hr.extract_text,heavy,succeeded,58
hr-100,4,1,hr.extract_text,heavy,succeeded,52
hr-100,4,1,hr.extract_text,heavy,succeeded,64
hr-100,4,1,hr.extract_text,heavy,succeeded,49
hr-100,4,1,hr.extract_text,heavy,succeeded,27
hr-100,4,1,hr.extract_text,heavy,succeeded,73
hr-100,4,1,hr.extract_text,heavy,succeeded,25
hr-100,4,1,hr.extract_text,heavy,succeeded,58
hr-100,4,1,hr.extract_text,heavy,succeeded,27
hr-100,4,1,hr.extract_text,heavy,succeeded,25
hr-100,4,1,hr.extract_text,heavy,succeeded,32
hr-100,4,1,hr.extract_text,heavy,succeeded,34
hr-100,4,1,hr.extract_text,heavy,succeeded,53
hr-100,4,1,hr.extract_text,heavy,succeeded,50
hr-100,4,1,hr.extract_text,heavy,succeeded,41
hr-100,4,1,hr.extract_text,heavy,succeeded,25
hr-100,4,1,hr.extract_text,heavy,succeeded,39
hr-100,4,1,hr.extract_text,heavy,succeeded,28
hr-100,4,1,hr.extract_text,heavy,succeeded,48
hr-100,4,1,hr.extract_text,heavy,succeeded,26
hr-100,4,1,hr.extract_text,heavy,succeeded,30
hr-100,4,1,hr.extract_text,heavy,succeeded,26
hr-100,4,1,hr.extract_text,heavy,succeeded,84
hr-100,4,1,hr.extract_text,heavy,succeeded,24
hr-100,4,1,hr.extract_text,heavy,succeeded,39
hr-100,4,1,hr.extract_text,heavy,succeeded,24
hr-100,4,1,hr.extract_text,heavy,succeeded,24
hr-100,4,1,hr.extract_text,heavy,succeeded,25
hr-100,4,1,hr.extract_text,heavy,succeeded,26
hr-100,4,1,hr.extract_text,heavy,succeeded,66
hr-100,4,1,hr.extract_text,heavy,succeeded,125
hr-100,4,1,hr.extract_text,heavy,succeeded,134
hr-100,4,1,hr.extract_text,heavy,succeeded,441
hr-100,4,1,hr.extract_text,heavy,succeeded,101
hr-100,4,1,hr.score_candidate,heavy,succeeded,13527
hr-100,4,1,hr.score_candidate,heavy,succeeded,10695
hr-100,4,1,hr.score_candidate,heavy,succeeded,10407
hr-100,4,1,hr.score_candidate,heavy,succeeded,11226
hr-100,4,1,hr.score_candidate,heavy,succeeded,14386
hr-100,4,1,hr.score_candidate,heavy,succeeded,10235
hr-100,4,1,hr.score_candidate,heavy,succeeded,10220
hr-100,4,1,hr.score_candidate,heavy,succeeded,13127
hr-100,4,1,hr.score_candidate,heavy,succeeded,12770
hr-100,4,1,hr.score_candidate,heavy,succeeded,16216
hr-100,4,1,hr.score_candidate,heavy,succeeded,12573
hr-100,4,1,hr.score_candidate,heavy,succeeded,8609
hr-100,4,1,hr.score_candidate,heavy,succeeded,13012
hr-100,4,1,hr.score_candidate,heavy,succeeded,9397
hr-100,4,1,hr.score_candidate,heavy,succeeded,10593
hr-100,4,1,hr.score_candidate,heavy,succeeded,10334
hr-100,4,1,hr.score_candidate,heavy,succeeded,13753
hr-100,4,1,hr.score_candidate,heavy,succeeded,11224
hr-100,4,1,hr.score_candidate,heavy,succeeded,11191
hr-100,4,1,hr.score_candidate,heavy,succeeded,11541
hr-100,4,1,hr.score_candidate,heavy,succeeded,13584
hr-100,4,1,hr.score_candidate,heavy,succeeded,16354
hr-100,4,1,hr.score_candidate,heavy,succeeded,10873
hr-100,4,1,hr.score_candidate,heavy,succeeded,12539
hr-100,4,1,hr.score_candidate,heavy,succeeded,9692
hr-100,4,1,hr.score_candidate,heavy,succeeded,9535
hr-100,4,1,hr.score_candidate,heavy,succeeded,11527
hr-100,4,1,hr.score_candidate,heavy,succeeded,7833
hr-100,4,1,hr.score_candidate,heavy,succeeded,10369
hr-100,4,1,hr.score_candidate,heavy,succeeded,13592
hr-100,4,1,hr.score_candidate,heavy,succeeded,16561
hr-100,4,1,hr.score_candidate,heavy,succeeded,17069
hr-100,4,1,hr.score_candidate,heavy,succeeded,11777
hr-100,4,1,hr.score_candidate,heavy,succeeded,10776
hr-100,4,1,hr.score_candidate,heavy,succeeded,10975
hr-100,4,1,hr.score_candidate,heavy,succeeded,10192
hr-100,4,1,hr.score_candidate,heavy,succeeded,11717
hr-100,4,1,hr.score_candidate,heavy,succeeded,13032
hr-100,4,1,hr.score_candidate,heavy,succeeded,10447
hr-100,4,1,hr.score_candidate,heavy,succeeded,10551
hr-100,4,1,hr.score_candidate,heavy,succeeded,11751
hr-100,4,1,hr.score_candidate,heavy,succeeded,22153
hr-100,4,1,hr.score_candidate,heavy,succeeded,10640
hr-100,4,1,hr.score_candidate,heavy,succeeded,12564
hr-100,4,1,hr.score_candidate,heavy,succeeded,13620
hr-100,4,1,hr.score_candidate,heavy,succeeded,10797
hr-100,4,1,hr.score_candidate,heavy,succeeded,11030
hr-100,4,1,hr.score_candidate,heavy,succeeded,12137
hr-100,4,1,hr.score_candidate,heavy,succeeded,12227
hr-100,4,1,hr.score_candidate,heavy,succeeded,20036
hr-100,4,1,hr.score_candidate,heavy,succeeded,11399
hr-100,4,1,hr.score_candidate,heavy,succeeded,13773
hr-100,4,1,hr.score_candidate,heavy,succeeded,9581
hr-100,4,1,hr.score_candidate,heavy,succeeded,10200
hr-100,4,1,hr.score_candidate,heavy,succeeded,9593
hr-100,4,1,hr.score_candidate,heavy,succeeded,9404
hr-100,4,1,hr.score_candidate,heavy,succeeded,11080
hr-100,4,1,hr.score_candidate,heavy,succeeded,9642
hr-100,4,1,hr.score_candidate,heavy,succeeded,13563
hr-100,4,1,hr.score_candidate,heavy,succeeded,13730
hr-100,4,1,hr.score_candidate,heavy,succeeded,11464
hr-100,4,1,hr.score_candidate,heavy,succeeded,11001
hr-100,4,1,hr.score_candidate,heavy,succeeded,9762
hr-100,4,1,hr.score_candidate,heavy,succeeded,9965
hr-100,4,1,hr.score_candidate,heavy,succeeded,7537
hr-100,4,1,hr.score_candidate,heavy,succeeded,11007
hr-100,4,1,hr.score_candidate,heavy,succeeded,8558
hr-100,4,1,hr.score_candidate,heavy,succeeded,7726
hr-100,4,1,hr.score_candidate,heavy,succeeded,10266
hr-100,4,1,hr.score_candidate,heavy,succeeded,12473
hr-100,4,1,hr.score_candidate,heavy,succeeded,11042
hr-100,4,1,hr.score_candidate,heavy,succeeded,11444
hr-100,4,1,hr.score_candidate,heavy,succeeded,11075
hr-100,4,1,hr.score_candidate,heavy,succeeded,9314
hr-100,4,1,hr.score_candidate,heavy,succeeded,13162
hr-100,4,1,hr.score_candidate,heavy,succeeded,13033
hr-100,4,1,hr.score_candidate,heavy,succeeded,11557
hr-100,4,1,hr.score_candidate,heavy,succeeded,12233
hr-100,4,1,hr.score_candidate,heavy,succeeded,8887
hr-100,4,1,hr.score_candidate,heavy,succeeded,10785
hr-100,4,1,hr.score_candidate,heavy,succeeded,11432
hr-100,4,1,hr.score_candidate,heavy,succeeded,13025
hr-100,4,1,hr.score_candidate,heavy,succeeded,10722
hr-100,4,1,hr.score_candidate,heavy,succeeded,11896
hr-100,4,1,hr.score_candidate,heavy,succeeded,10868
hr-100,4,1,hr.score_candidate,heavy,succeeded,10745
hr-100,4,1,hr.score_candidate,heavy,succeeded,9943
hr-100,4,1,hr.score_candidate,heavy,succeeded,10623
hr-100,4,1,hr.score_candidate,heavy,succeeded,11046
hr-100,4,1,hr.score_candidate,heavy,succeeded,10566
hr-100,4,1,hr.score_candidate,heavy,succeeded,13311
hr-100,4,1,hr.score_candidate,heavy,succeeded,22790
hr-100,4,1,hr.score_candidate,heavy,succeeded,10417
hr-100,4,1,hr.score_candidate,heavy,succeeded,11195
hr-100,4,1,hr.score_candidate,heavy,succeeded,14421
hr-100,4,1,hr.score_candidate,heavy,succeeded,13099
hr-100,4,1,hr.score_candidate,heavy,succeeded,11092
hr-100,4,1,hr.score_candidate,heavy,succeeded,12981
hr-100,4,1,hr.score_candidate,heavy,succeeded,11255
hr-100,4,1,hr.score_candidate,heavy,succeeded,11497
hr-100,4,1,hr.rank_run,light,succeeded,78
hr-500,8,1,hr.extract_text,heavy,succeeded,414
hr-500,8,1,hr.extract_text,heavy,succeeded,256
hr-500,8,1,hr.extract_text,heavy,succeeded,271
hr-500,8,1,hr.extract_text,heavy,succeeded,497
hr-500,8,1,hr.extract_text,heavy,succeeded,373
hr-500,8,1,hr.extract_text,heavy,succeeded,551
hr-500,8,1,hr.extract_text,heavy,succeeded,480
hr-500,8,1,hr.extract_text,heavy,succeeded,459
hr-500,8,1,hr.extract_text,heavy,succeeded,58
hr-500,8,1,hr.extract_text,heavy,succeeded,141
hr-500,8,1,hr.extract_text,heavy,succeeded,94
hr-500,8,1,hr.extract_text,heavy,succeeded,52
hr-500,8,1,hr.extract_text,heavy,succeeded,129
hr-500,8,1,hr.extract_text,heavy,succeeded,89
hr-500,8,1,hr.extract_text,heavy,succeeded,159
hr-500,8,1,hr.extract_text,heavy,succeeded,149
hr-500,8,1,hr.extract_text,heavy,succeeded,237
hr-500,8,1,hr.extract_text,heavy,succeeded,43
hr-500,8,1,hr.extract_text,heavy,succeeded,98
hr-500,8,1,hr.extract_text,heavy,succeeded,94
hr-500,8,1,hr.extract_text,heavy,succeeded,53
hr-500,8,1,hr.extract_text,heavy,succeeded,137
hr-500,8,1,hr.extract_text,heavy,succeeded,101
hr-500,8,1,hr.extract_text,heavy,succeeded,171
hr-500,8,1,hr.extract_text,heavy,succeeded,166
hr-500,8,1,hr.extract_text,heavy,succeeded,113
hr-500,8,1,hr.extract_text,heavy,succeeded,75
hr-500,8,1,hr.extract_text,heavy,succeeded,94
hr-500,8,1,hr.extract_text,heavy,succeeded,106
hr-500,8,1,hr.extract_text,heavy,succeeded,177
hr-500,8,1,hr.extract_text,heavy,succeeded,209
hr-500,8,1,hr.extract_text,heavy,succeeded,64
hr-500,8,1,hr.extract_text,heavy,succeeded,51
hr-500,8,1,hr.extract_text,heavy,succeeded,72
hr-500,8,1,hr.extract_text,heavy,succeeded,57
hr-500,8,1,hr.extract_text,heavy,succeeded,79
hr-500,8,1,hr.extract_text,heavy,succeeded,36
hr-500,8,1,hr.extract_text,heavy,succeeded,152
hr-500,8,1,hr.extract_text,heavy,succeeded,151
hr-500,8,1,hr.extract_text,heavy,succeeded,149
hr-500,8,1,hr.extract_text,heavy,succeeded,66
hr-500,8,1,hr.extract_text,heavy,succeeded,159
hr-500,8,1,hr.extract_text,heavy,succeeded,92
hr-500,8,1,hr.extract_text,heavy,succeeded,80
hr-500,8,1,hr.extract_text,heavy,succeeded,32
hr-500,8,1,hr.extract_text,heavy,succeeded,74
hr-500,8,1,hr.extract_text,heavy,succeeded,42
hr-500,8,1,hr.extract_text,heavy,succeeded,66
hr-500,8,1,hr.extract_text,heavy,succeeded,76
hr-500,8,1,hr.extract_text,heavy,succeeded,79
hr-500,8,1,hr.extract_text,heavy,succeeded,138
hr-500,8,1,hr.extract_text,heavy,succeeded,125
hr-500,8,1,hr.extract_text,heavy,succeeded,52
hr-500,8,1,hr.extract_text,heavy,succeeded,62
hr-500,8,1,hr.extract_text,heavy,succeeded,61
hr-500,8,1,hr.extract_text,heavy,succeeded,158
hr-500,8,1,hr.extract_text,heavy,succeeded,170
hr-500,8,1,hr.extract_text,heavy,succeeded,67
hr-500,8,1,hr.extract_text,heavy,succeeded,171
hr-500,8,1,hr.extract_text,heavy,succeeded,254
hr-500,8,1,hr.extract_text,heavy,succeeded,98
hr-500,8,1,hr.extract_text,heavy,succeeded,178
hr-500,8,1,hr.extract_text,heavy,succeeded,94
hr-500,8,1,hr.extract_text,heavy,succeeded,56
hr-500,8,1,hr.extract_text,heavy,succeeded,268
hr-500,8,1,hr.extract_text,heavy,succeeded,131
hr-500,8,1,hr.extract_text,heavy,succeeded,162
hr-500,8,1,hr.extract_text,heavy,succeeded,230
hr-500,8,1,hr.extract_text,heavy,succeeded,109
hr-500,8,1,hr.extract_text,heavy,succeeded,126
hr-500,8,1,hr.extract_text,heavy,succeeded,62
hr-500,8,1,hr.extract_text,heavy,succeeded,213
hr-500,8,1,hr.extract_text,heavy,succeeded,62
hr-500,8,1,hr.extract_text,heavy,succeeded,60
hr-500,8,1,hr.extract_text,heavy,succeeded,76
hr-500,8,1,hr.extract_text,heavy,succeeded,230
hr-500,8,1,hr.extract_text,heavy,succeeded,71
hr-500,8,1,hr.extract_text,heavy,succeeded,59
hr-500,8,1,hr.extract_text,heavy,succeeded,112
hr-500,8,1,hr.extract_text,heavy,succeeded,117
hr-500,8,1,hr.extract_text,heavy,succeeded,34
hr-500,8,1,hr.extract_text,heavy,succeeded,85
hr-500,8,1,hr.extract_text,heavy,succeeded,73
hr-500,8,1,hr.extract_text,heavy,succeeded,62
hr-500,8,1,hr.extract_text,heavy,succeeded,96
hr-500,8,1,hr.extract_text,heavy,succeeded,32
hr-500,8,1,hr.extract_text,heavy,succeeded,58
hr-500,8,1,hr.extract_text,heavy,succeeded,60
hr-500,8,1,hr.extract_text,heavy,succeeded,128
hr-500,8,1,hr.extract_text,heavy,succeeded,60
hr-500,8,1,hr.extract_text,heavy,succeeded,38
hr-500,8,1,hr.extract_text,heavy,succeeded,35
hr-500,8,1,hr.extract_text,heavy,succeeded,46
hr-500,8,1,hr.extract_text,heavy,succeeded,60
hr-500,8,1,hr.extract_text,heavy,succeeded,88
hr-500,8,1,hr.extract_text,heavy,succeeded,52
hr-500,8,1,hr.extract_text,heavy,succeeded,166
hr-500,8,1,hr.extract_text,heavy,succeeded,98
hr-500,8,1,hr.extract_text,heavy,succeeded,159
hr-500,8,1,hr.extract_text,heavy,succeeded,67
hr-500,8,1,hr.extract_text,heavy,succeeded,54
hr-500,8,1,hr.extract_text,heavy,succeeded,124
hr-500,8,1,hr.extract_text,heavy,succeeded,130
hr-500,8,1,hr.extract_text,heavy,succeeded,83
hr-500,8,1,hr.extract_text,heavy,succeeded,47
hr-500,8,1,hr.extract_text,heavy,succeeded,26
hr-500,8,1,hr.extract_text,heavy,succeeded,129
hr-500,8,1,hr.extract_text,heavy,succeeded,116
hr-500,8,1,hr.extract_text,heavy,succeeded,83
hr-500,8,1,hr.extract_text,heavy,succeeded,47
hr-500,8,1,hr.extract_text,heavy,succeeded,52
hr-500,8,1,hr.score_candidate,heavy,succeeded,11632
hr-500,8,1,hr.extract_text,heavy,succeeded,166
hr-500,8,1,hr.extract_text,heavy,succeeded,123
hr-500,8,1,hr.extract_text,heavy,succeeded,49
hr-500,8,1,hr.extract_text,heavy,succeeded,188
hr-500,8,1,hr.extract_text,heavy,succeeded,107
hr-500,8,1,hr.extract_text,heavy,succeeded,43
hr-500,8,1,hr.extract_text,heavy,succeeded,47
hr-500,8,1,hr.extract_text,heavy,succeeded,32
hr-500,8,1,hr.extract_text,heavy,succeeded,58
hr-500,8,1,hr.extract_text,heavy,succeeded,69
hr-500,8,1,hr.extract_text,heavy,succeeded,62
hr-500,8,1,hr.extract_text,heavy,succeeded,73
hr-500,8,1,hr.extract_text,heavy,succeeded,29
hr-500,8,1,hr.extract_text,heavy,succeeded,62
hr-500,8,1,hr.extract_text,heavy,succeeded,89
hr-500,8,1,hr.extract_text,heavy,succeeded,28
hr-500,8,1,hr.extract_text,heavy,succeeded,103
hr-500,8,1,hr.score_candidate,heavy,succeeded,12846
hr-500,8,1,hr.extract_text,heavy,succeeded,146
hr-500,8,1,hr.extract_text,heavy,succeeded,84
hr-500,8,1,hr.extract_text,heavy,succeeded,83
hr-500,8,1,hr.extract_text,heavy,succeeded,33
hr-500,8,1,hr.extract_text,heavy,succeeded,56
hr-500,8,1,hr.extract_text,heavy,succeeded,38
hr-500,8,1,hr.extract_text,heavy,succeeded,161
hr-500,8,1,hr.extract_text,heavy,succeeded,52
hr-500,8,1,hr.extract_text,heavy,succeeded,64
hr-500,8,1,hr.extract_text,heavy,succeeded,102
hr-500,8,1,hr.extract_text,heavy,succeeded,33
hr-500,8,1,hr.extract_text,heavy,succeeded,99
hr-500,8,1,hr.extract_text,heavy,succeeded,67
hr-500,8,1,hr.extract_text,heavy,succeeded,39
hr-500,8,1,hr.extract_text,heavy,succeeded,51
hr-500,8,1,hr.extract_text,heavy,succeeded,58
hr-500,8,1,hr.extract_text,heavy,succeeded,143
hr-500,8,1,hr.extract_text,heavy,succeeded,32
hr-500,8,1,hr.extract_text,heavy,succeeded,76
hr-500,8,1,hr.extract_text,heavy,succeeded,59
hr-500,8,1,hr.extract_text,heavy,succeeded,127
hr-500,8,1,hr.extract_text,heavy,succeeded,30
hr-500,8,1,hr.extract_text,heavy,succeeded,61
hr-500,8,1,hr.extract_text,heavy,succeeded,57
hr-500,8,1,hr.extract_text,heavy,succeeded,96
hr-500,8,1,hr.score_candidate,heavy,succeeded,12720
hr-500,8,1,hr.extract_text,heavy,succeeded,75
hr-500,8,1,hr.extract_text,heavy,succeeded,46
hr-500,8,1,hr.extract_text,heavy,succeeded,159
hr-500,8,1,hr.extract_text,heavy,succeeded,139
hr-500,8,1,hr.extract_text,heavy,succeeded,59
hr-500,8,1,hr.extract_text,heavy,succeeded,53
hr-500,8,1,hr.extract_text,heavy,succeeded,107
hr-500,8,1,hr.extract_text,heavy,succeeded,140
hr-500,8,1,hr.extract_text,heavy,succeeded,56
hr-500,8,1,hr.extract_text,heavy,succeeded,50
hr-500,8,1,hr.extract_text,heavy,succeeded,48
hr-500,8,1,hr.extract_text,heavy,succeeded,47
hr-500,8,1,hr.extract_text,heavy,succeeded,155
hr-500,8,1,hr.extract_text,heavy,succeeded,118
hr-500,8,1,hr.extract_text,heavy,succeeded,58
hr-500,8,1,hr.score_candidate,heavy,succeeded,11511
hr-500,8,1,hr.extract_text,heavy,succeeded,104
hr-500,8,1,hr.extract_text,heavy,succeeded,51
hr-500,8,1,hr.extract_text,heavy,succeeded,117
hr-500,8,1,hr.extract_text,heavy,succeeded,54
hr-500,8,1,hr.extract_text,heavy,succeeded,45
hr-500,8,1,hr.extract_text,heavy,succeeded,50
hr-500,8,1,hr.extract_text,heavy,succeeded,124
hr-500,8,1,hr.extract_text,heavy,succeeded,57
hr-500,8,1,hr.extract_text,heavy,succeeded,42
hr-500,8,1,hr.extract_text,heavy,succeeded,158
hr-500,8,1,hr.extract_text,heavy,succeeded,115
hr-500,8,1,hr.extract_text,heavy,succeeded,122
hr-500,8,1,hr.extract_text,heavy,succeeded,48
hr-500,8,1,hr.extract_text,heavy,succeeded,76
hr-500,8,1,hr.extract_text,heavy,succeeded,67
hr-500,8,1,hr.score_candidate,heavy,succeeded,11927
hr-500,8,1,hr.extract_text,heavy,succeeded,50
hr-500,8,1,hr.extract_text,heavy,succeeded,415
hr-500,8,1,hr.extract_text,heavy,succeeded,28
hr-500,8,1,hr.extract_text,heavy,succeeded,61
hr-500,8,1,hr.extract_text,heavy,succeeded,39
hr-500,8,1,hr.extract_text,heavy,succeeded,56
hr-500,8,1,hr.extract_text,heavy,succeeded,87
hr-500,8,1,hr.extract_text,heavy,succeeded,37
hr-500,8,1,hr.extract_text,heavy,succeeded,67
hr-500,8,1,hr.extract_text,heavy,succeeded,30
hr-500,8,1,hr.extract_text,heavy,succeeded,460
hr-500,8,1,hr.extract_text,heavy,succeeded,513
hr-500,8,1,hr.extract_text,heavy,succeeded,51
hr-500,8,1,hr.score_candidate,heavy,succeeded,11852
hr-500,8,1,hr.extract_text,heavy,succeeded,181
hr-500,8,1,hr.extract_text,heavy,succeeded,47
hr-500,8,1,hr.extract_text,heavy,succeeded,49
hr-500,8,1,hr.extract_text,heavy,succeeded,69
hr-500,8,1,hr.extract_text,heavy,succeeded,41
hr-500,8,1,hr.score_candidate,heavy,succeeded,11204
hr-500,8,1,hr.extract_text,heavy,succeeded,42
hr-500,8,1,hr.score_candidate,heavy,succeeded,11504
hr-500,8,1,hr.extract_text,heavy,succeeded,50
hr-500,8,1,hr.extract_text,heavy,succeeded,462
hr-500,8,1,hr.extract_text,heavy,succeeded,59
hr-500,8,1,hr.score_candidate,heavy,succeeded,11345
hr-500,8,1,hr.extract_text,heavy,succeeded,117
hr-500,8,1,hr.extract_text,heavy,succeeded,66
hr-500,8,1,hr.extract_text,heavy,succeeded,148
hr-500,8,1,hr.extract_text,heavy,succeeded,76
hr-500,8,1,hr.extract_text,heavy,succeeded,87
hr-500,8,1,hr.extract_text,heavy,succeeded,89
hr-500,8,1,hr.extract_text,heavy,succeeded,29
hr-500,8,1,hr.extract_text,heavy,succeeded,28
hr-500,8,1,hr.extract_text,heavy,succeeded,43
hr-500,8,1,hr.extract_text,heavy,succeeded,27
hr-500,8,1,hr.extract_text,heavy,succeeded,34
hr-500,8,1,hr.extract_text,heavy,succeeded,47
hr-500,8,1,hr.score_candidate,heavy,succeeded,12055
hr-500,8,1,hr.extract_text,heavy,succeeded,78
hr-500,8,1,hr.extract_text,heavy,succeeded,478
hr-500,8,1,hr.score_candidate,heavy,succeeded,8365
hr-500,8,1,hr.extract_text,heavy,succeeded,87
hr-500,8,1,hr.extract_text,heavy,succeeded,61
hr-500,8,1,hr.extract_text,heavy,succeeded,65
hr-500,8,1,hr.extract_text,heavy,succeeded,51
hr-500,8,1,hr.extract_text,heavy,succeeded,27
hr-500,8,1,hr.extract_text,heavy,succeeded,48
hr-500,8,1,hr.extract_text,heavy,succeeded,29
hr-500,8,1,hr.extract_text,heavy,succeeded,44
hr-500,8,1,hr.extract_text,heavy,succeeded,79
hr-500,8,1,hr.extract_text,heavy,succeeded,51
hr-500,8,1,hr.extract_text,heavy,succeeded,72
hr-500,8,1,hr.extract_text,heavy,succeeded,54
hr-500,8,1,hr.extract_text,heavy,succeeded,90
hr-500,8,1,hr.extract_text,heavy,succeeded,55
hr-500,8,1,hr.extract_text,heavy,succeeded,25
hr-500,8,1,hr.extract_text,heavy,succeeded,40
hr-500,8,1,hr.extract_text,heavy,succeeded,74
hr-500,8,1,hr.extract_text,heavy,succeeded,61
hr-500,8,1,hr.extract_text,heavy,succeeded,72
hr-500,8,1,hr.extract_text,heavy,succeeded,82
hr-500,8,1,hr.score_candidate,heavy,succeeded,11761
hr-500,8,1,hr.extract_text,heavy,succeeded,86
hr-500,8,1,hr.extract_text,heavy,succeeded,41
hr-500,8,1,hr.extract_text,heavy,succeeded,61
hr-500,8,1,hr.score_candidate,heavy,succeeded,11566
hr-500,8,1,hr.extract_text,heavy,succeeded,87
hr-500,8,1,hr.score_candidate,heavy,succeeded,6952
hr-500,8,1,hr.extract_text,heavy,succeeded,32
hr-500,8,1,hr.extract_text,heavy,succeeded,47
hr-500,8,1,hr.extract_text,heavy,succeeded,31
hr-500,8,1,hr.extract_text,heavy,succeeded,63
hr-500,8,1,hr.extract_text,heavy,succeeded,59
hr-500,8,1,hr.extract_text,heavy,succeeded,74
hr-500,8,1,hr.extract_text,heavy,succeeded,76
hr-500,8,1,hr.score_candidate,heavy,succeeded,8280
hr-500,8,1,hr.extract_text,heavy,succeeded,44
hr-500,8,1,hr.extract_text,heavy,succeeded,117
hr-500,8,1,hr.extract_text,heavy,succeeded,35
hr-500,8,1,hr.extract_text,heavy,succeeded,79
hr-500,8,1,hr.extract_text,heavy,succeeded,29
hr-500,8,1,hr.extract_text,heavy,succeeded,31
hr-500,8,1,hr.extract_text,heavy,succeeded,35
hr-500,8,1,hr.extract_text,heavy,succeeded,33
hr-500,8,1,hr.extract_text,heavy,succeeded,383
hr-500,8,1,hr.extract_text,heavy,succeeded,57
hr-500,8,1,hr.extract_text,heavy,succeeded,28
hr-500,8,1,hr.extract_text,heavy,succeeded,28
hr-500,8,1,hr.extract_text,heavy,succeeded,27
hr-500,8,1,hr.extract_text,heavy,succeeded,26
hr-500,8,1,hr.extract_text,heavy,succeeded,58
hr-500,8,1,hr.extract_text,heavy,succeeded,26
hr-500,8,1,hr.extract_text,heavy,succeeded,26
hr-500,8,1,hr.extract_text,heavy,succeeded,27
hr-500,8,1,hr.extract_text,heavy,succeeded,61
hr-500,8,1,hr.extract_text,heavy,succeeded,25
hr-500,8,1,hr.extract_text,heavy,succeeded,26
hr-500,8,1,hr.extract_text,heavy,succeeded,30
hr-500,8,1,hr.score_candidate,heavy,succeeded,10559
hr-500,8,1,hr.score_candidate,heavy,succeeded,10038
hr-500,8,1,hr.extract_text,heavy,succeeded,58
hr-500,8,1,hr.extract_text,heavy,succeeded,39
hr-500,8,1,hr.score_candidate,heavy,succeeded,8803
hr-500,8,1,hr.extract_text,heavy,succeeded,103
hr-500,8,1,hr.extract_text,heavy,succeeded,32
hr-500,8,1,hr.extract_text,heavy,succeeded,419
hr-500,8,1,hr.extract_text,heavy,succeeded,90
hr-500,8,1,hr.extract_text,heavy,succeeded,83
hr-500,8,1,hr.extract_text,heavy,succeeded,61
hr-500,8,1,hr.score_candidate,heavy,succeeded,8416
hr-500,8,1,hr.extract_text,heavy,succeeded,32
hr-500,8,1,hr.extract_text,heavy,succeeded,71
hr-500,8,1,hr.extract_text,heavy,succeeded,75
hr-500,8,1,hr.score_candidate,heavy,succeeded,10581
hr-500,8,1,hr.extract_text,heavy,succeeded,106
hr-500,8,1,hr.extract_text,heavy,succeeded,59
hr-500,8,1,hr.extract_text,heavy,succeeded,34
hr-500,8,1,hr.extract_text,heavy,succeeded,91
hr-500,8,1,hr.extract_text,heavy,succeeded,69
hr-500,8,1,hr.extract_text,heavy,succeeded,108
hr-500,8,1,hr.extract_text,heavy,succeeded,35
hr-500,8,1,hr.extract_text,heavy,succeeded,33
hr-500,8,1,hr.extract_text,heavy,succeeded,126
hr-500,8,1,hr.extract_text,heavy,succeeded,92
hr-500,8,1,hr.extract_text,heavy,succeeded,50
hr-500,8,1,hr.extract_text,heavy,succeeded,85
hr-500,8,1,hr.extract_text,heavy,succeeded,57
hr-500,8,1,hr.extract_text,heavy,succeeded,54
hr-500,8,1,hr.score_candidate,heavy,succeeded,9722
hr-500,8,1,hr.extract_text,heavy,succeeded,32
hr-500,8,1,hr.extract_text,heavy,succeeded,42
hr-500,8,1,hr.extract_text,heavy,succeeded,60
hr-500,8,1,hr.extract_text,heavy,succeeded,66
hr-500,8,1,hr.extract_text,heavy,succeeded,30
hr-500,8,1,hr.extract_text,heavy,succeeded,31
hr-500,8,1,hr.extract_text,heavy,succeeded,72
hr-500,8,1,hr.extract_text,heavy,succeeded,28
hr-500,8,1,hr.extract_text,heavy,succeeded,97
hr-500,8,1,hr.extract_text,heavy,succeeded,30
hr-500,8,1,hr.extract_text,heavy,succeeded,396
hr-500,8,1,hr.extract_text,heavy,succeeded,75
hr-500,8,1,hr.extract_text,heavy,succeeded,118
hr-500,8,1,hr.extract_text,heavy,succeeded,53
hr-500,8,1,hr.extract_text,heavy,succeeded,32
hr-500,8,1,hr.score_candidate,heavy,succeeded,9785
hr-500,8,1,hr.extract_text,heavy,succeeded,29
hr-500,8,1,hr.extract_text,heavy,succeeded,29
hr-500,8,1,hr.score_candidate,heavy,succeeded,12807
hr-500,8,1,hr.extract_text,heavy,succeeded,90
hr-500,8,1,hr.extract_text,heavy,succeeded,63
hr-500,8,1,hr.extract_text,heavy,succeeded,30
hr-500,8,1,hr.extract_text,heavy,succeeded,55
hr-500,8,1,hr.score_candidate,heavy,succeeded,12914
hr-500,8,1,hr.extract_text,heavy,succeeded,49
hr-500,8,1,hr.extract_text,heavy,succeeded,90
hr-500,8,1,hr.extract_text,heavy,succeeded,30
hr-500,8,1,hr.extract_text,heavy,succeeded,33
hr-500,8,1,hr.extract_text,heavy,succeeded,76
hr-500,8,1,hr.extract_text,heavy,succeeded,37
hr-500,8,1,hr.score_candidate,heavy,succeeded,9596
hr-500,8,1,hr.extract_text,heavy,succeeded,119
hr-500,8,1,hr.extract_text,heavy,succeeded,40
hr-500,8,1,hr.score_candidate,heavy,succeeded,12142
hr-500,8,1,hr.extract_text,heavy,succeeded,87
hr-500,8,1,hr.extract_text,heavy,succeeded,64
hr-500,8,1,hr.extract_text,heavy,succeeded,74
hr-500,8,1,hr.extract_text,heavy,succeeded,30
hr-500,8,1,hr.extract_text,heavy,succeeded,36
hr-500,8,1,hr.extract_text,heavy,succeeded,31
hr-500,8,1,hr.extract_text,heavy,succeeded,79
hr-500,8,1,hr.extract_text,heavy,succeeded,48
hr-500,8,1,hr.extract_text,heavy,succeeded,34
hr-500,8,1,hr.extract_text,heavy,succeeded,107
hr-500,8,1,hr.extract_text,heavy,succeeded,88
hr-500,8,1,hr.extract_text,heavy,succeeded,35
hr-500,8,1,hr.extract_text,heavy,succeeded,35
hr-500,8,1,hr.extract_text,heavy,succeeded,71
hr-500,8,1,hr.extract_text,heavy,succeeded,76
hr-500,8,1,hr.extract_text,heavy,succeeded,66
hr-500,8,1,hr.extract_text,heavy,succeeded,30
hr-500,8,1,hr.score_candidate,heavy,succeeded,10431
hr-500,8,1,hr.score_candidate,heavy,succeeded,27297
hr-500,8,1,hr.extract_text,heavy,succeeded,50
hr-500,8,1,hr.extract_text,heavy,succeeded,67
hr-500,8,1,hr.extract_text,heavy,succeeded,108
hr-500,8,1,hr.extract_text,heavy,succeeded,31
hr-500,8,1,hr.extract_text,heavy,succeeded,68
hr-500,8,1,hr.extract_text,heavy,succeeded,464
hr-500,8,1,hr.score_candidate,heavy,succeeded,25945
hr-500,8,1,hr.extract_text,heavy,succeeded,42
hr-500,8,1,hr.extract_text,heavy,succeeded,107
hr-500,8,1,hr.score_candidate,heavy,succeeded,8274
hr-500,8,1,hr.score_candidate,heavy,succeeded,23262
hr-500,8,1,hr.extract_text,heavy,succeeded,47
hr-500,8,1,hr.extract_text,heavy,succeeded,39
hr-500,8,1,hr.extract_text,heavy,succeeded,33
hr-500,8,1,hr.extract_text,heavy,succeeded,75
hr-500,8,1,hr.extract_text,heavy,succeeded,30
hr-500,8,1,hr.extract_text,heavy,succeeded,29
hr-500,8,1,hr.extract_text,heavy,succeeded,104
hr-500,8,1,hr.extract_text,heavy,succeeded,70
hr-500,8,1,hr.score_candidate,heavy,succeeded,23196
hr-500,8,1,hr.extract_text,heavy,succeeded,89
hr-500,8,1,hr.extract_text,heavy,succeeded,58
hr-500,8,1,hr.extract_text,heavy,succeeded,92
hr-500,8,1,hr.extract_text,heavy,succeeded,79
hr-500,8,1,hr.extract_text,heavy,succeeded,30
hr-500,8,1,hr.extract_text,heavy,succeeded,78
hr-500,8,1,hr.extract_text,heavy,succeeded,32
hr-500,8,1,hr.extract_text,heavy,succeeded,34
hr-500,8,1,hr.score_candidate,heavy,succeeded,28583
hr-500,8,1,hr.extract_text,heavy,succeeded,58
hr-500,8,1,hr.extract_text,heavy,succeeded,45
hr-500,8,1,hr.extract_text,heavy,succeeded,100
hr-500,8,1,hr.score_candidate,heavy,succeeded,25001
hr-500,8,1,hr.extract_text,heavy,succeeded,44
hr-500,8,1,hr.extract_text,heavy,succeeded,44
hr-500,8,1,hr.extract_text,heavy,succeeded,44
hr-500,8,1,hr.extract_text,heavy,succeeded,83
hr-500,8,1,hr.extract_text,heavy,succeeded,45
hr-500,8,1,hr.extract_text,heavy,succeeded,50
hr-500,8,1,hr.extract_text,heavy,succeeded,94
hr-500,8,1,hr.extract_text,heavy,succeeded,36
hr-500,8,1,hr.extract_text,heavy,succeeded,29
hr-500,8,1,hr.extract_text,heavy,succeeded,70
hr-500,8,1,hr.extract_text,heavy,succeeded,37
hr-500,8,1,hr.extract_text,heavy,succeeded,52
hr-500,8,1,hr.extract_text,heavy,succeeded,26
hr-500,8,1,hr.score_candidate,heavy,succeeded,24560
hr-500,8,1,hr.extract_text,heavy,succeeded,116
hr-500,8,1,hr.extract_text,heavy,succeeded,62
hr-500,8,1,hr.extract_text,heavy,succeeded,80
hr-500,8,1,hr.extract_text,heavy,succeeded,36
hr-500,8,1,hr.extract_text,heavy,succeeded,75
hr-500,8,1,hr.score_candidate,heavy,succeeded,25875
hr-500,8,1,hr.extract_text,heavy,succeeded,80
hr-500,8,1,hr.extract_text,heavy,succeeded,90
hr-500,8,1,hr.extract_text,heavy,succeeded,114
hr-500,8,1,hr.extract_text,heavy,succeeded,40
hr-500,8,1,hr.extract_text,heavy,succeeded,39
hr-500,8,1,hr.extract_text,heavy,succeeded,35
hr-500,8,1,hr.extract_text,heavy,succeeded,40
hr-500,8,1,hr.extract_text,heavy,succeeded,40
hr-500,8,1,hr.score_candidate,heavy,succeeded,10883
hr-500,8,1,hr.extract_text,heavy,succeeded,35
hr-500,8,1,hr.extract_text,heavy,succeeded,65
hr-500,8,1,hr.extract_text,heavy,succeeded,64
hr-500,8,1,hr.extract_text,heavy,succeeded,72
hr-500,8,1,hr.score_candidate,heavy,succeeded,13112
hr-500,8,1,hr.extract_text,heavy,succeeded,89
hr-500,8,1,hr.extract_text,heavy,succeeded,82
hr-500,8,1,hr.extract_text,heavy,succeeded,33
hr-500,8,1,hr.extract_text,heavy,succeeded,31
hr-500,8,1,hr.extract_text,heavy,succeeded,28
hr-500,8,1,hr.extract_text,heavy,succeeded,33
hr-500,8,1,hr.extract_text,heavy,succeeded,45
hr-500,8,1,hr.score_candidate,heavy,succeeded,11612
hr-500,8,1,hr.extract_text,heavy,succeeded,57
hr-500,8,1,hr.extract_text,heavy,succeeded,55
hr-500,8,1,hr.score_candidate,heavy,succeeded,9998
hr-500,8,1,hr.score_candidate,heavy,succeeded,9565
hr-500,8,1,hr.extract_text,heavy,succeeded,37
hr-500,8,1,hr.extract_text,heavy,succeeded,77
hr-500,8,1,hr.extract_text,heavy,succeeded,70
hr-500,8,1,hr.extract_text,heavy,succeeded,40
hr-500,8,1,hr.extract_text,heavy,succeeded,34
hr-500,8,1,hr.extract_text,heavy,succeeded,42
hr-500,8,1,hr.extract_text,heavy,succeeded,473
hr-500,8,1,hr.extract_text,heavy,succeeded,58
hr-500,8,1,hr.extract_text,heavy,succeeded,85
hr-500,8,1,hr.score_candidate,heavy,succeeded,12145
hr-500,8,1,hr.score_candidate,heavy,succeeded,11748
hr-500,8,1,hr.extract_text,heavy,succeeded,103
hr-500,8,1,hr.score_candidate,heavy,succeeded,10214
hr-500,8,1,hr.extract_text,heavy,succeeded,117
hr-500,8,1,hr.extract_text,heavy,succeeded,42
hr-500,8,1,hr.extract_text,heavy,succeeded,59
hr-500,8,1,hr.extract_text,heavy,succeeded,76
hr-500,8,1,hr.score_candidate,heavy,succeeded,14109
hr-500,8,1,hr.extract_text,heavy,succeeded,53
hr-500,8,1,hr.extract_text,heavy,succeeded,62
hr-500,8,1,hr.extract_text,heavy,succeeded,34
hr-500,8,1,hr.extract_text,heavy,succeeded,57
hr-500,8,1,hr.score_candidate,heavy,succeeded,14265
hr-500,8,1,hr.extract_text,heavy,succeeded,96
hr-500,8,1,hr.extract_text,heavy,succeeded,79
hr-500,8,1,hr.extract_text,heavy,succeeded,62
hr-500,8,1,hr.extract_text,heavy,succeeded,36
hr-500,8,1,hr.extract_text,heavy,succeeded,88
hr-500,8,1,hr.extract_text,heavy,succeeded,37
hr-500,8,1,hr.score_candidate,heavy,succeeded,12888
hr-500,8,1,hr.extract_text,heavy,succeeded,99
hr-500,8,1,hr.extract_text,heavy,succeeded,41
hr-500,8,1,hr.extract_text,heavy,succeeded,34
hr-500,8,1,hr.score_candidate,heavy,succeeded,10290
hr-500,8,1,hr.extract_text,heavy,succeeded,63
hr-500,8,1,hr.extract_text,heavy,succeeded,58
hr-500,8,1,hr.extract_text,heavy,succeeded,81
hr-500,8,1,hr.extract_text,heavy,succeeded,60
hr-500,8,1,hr.extract_text,heavy,succeeded,31
hr-500,8,1,hr.extract_text,heavy,succeeded,32
hr-500,8,1,hr.extract_text,heavy,succeeded,34
hr-500,8,1,hr.score_candidate,heavy,succeeded,19116
hr-500,8,1,hr.extract_text,heavy,succeeded,56
hr-500,8,1,hr.extract_text,heavy,succeeded,109
hr-500,8,1,hr.extract_text,heavy,succeeded,48
hr-500,8,1,hr.score_candidate,heavy,succeeded,12143
hr-500,8,1,hr.extract_text,heavy,succeeded,45
hr-500,8,1,hr.extract_text,heavy,succeeded,40
hr-500,8,1,hr.extract_text,heavy,succeeded,68
hr-500,8,1,hr.extract_text,heavy,succeeded,42
hr-500,8,1,hr.score_candidate,heavy,succeeded,11843
hr-500,8,1,hr.extract_text,heavy,succeeded,33
hr-500,8,1,hr.extract_text,heavy,succeeded,53
hr-500,8,1,hr.extract_text,heavy,succeeded,44
hr-500,8,1,hr.extract_text,heavy,succeeded,48
hr-500,8,1,hr.extract_text,heavy,succeeded,85
hr-500,8,1,hr.extract_text,heavy,succeeded,32
hr-500,8,1,hr.score_candidate,heavy,succeeded,12260
hr-500,8,1,hr.extract_text,heavy,succeeded,104
hr-500,8,1,hr.extract_text,heavy,succeeded,96
hr-500,8,1,hr.extract_text,heavy,succeeded,115
hr-500,8,1,hr.score_candidate,heavy,succeeded,10503
hr-500,8,1,hr.extract_text,heavy,succeeded,95
hr-500,8,1,hr.extract_text,heavy,succeeded,35
hr-500,8,1,hr.extract_text,heavy,succeeded,75
hr-500,8,1,hr.extract_text,heavy,succeeded,86
hr-500,8,1,hr.extract_text,heavy,succeeded,125
hr-500,8,1,hr.extract_text,heavy,succeeded,70
hr-500,8,1,hr.extract_text,heavy,succeeded,30
hr-500,8,1,hr.extract_text,heavy,succeeded,77
hr-500,8,1,hr.score_candidate,heavy,succeeded,10756
hr-500,8,1,hr.extract_text,heavy,succeeded,71
hr-500,8,1,hr.score_candidate,heavy,succeeded,9218
hr-500,8,1,hr.score_candidate,heavy,succeeded,10007
hr-500,8,1,hr.extract_text,heavy,succeeded,115
hr-500,8,1,hr.extract_text,heavy,succeeded,51
hr-500,8,1,hr.extract_text,heavy,succeeded,48
hr-500,8,1,hr.extract_text,heavy,succeeded,99
hr-500,8,1,hr.extract_text,heavy,succeeded,100
hr-500,8,1,hr.extract_text,heavy,succeeded,48
hr-500,8,1,hr.extract_text,heavy,succeeded,84
hr-500,8,1,hr.extract_text,heavy,succeeded,60
hr-500,8,1,hr.extract_text,heavy,succeeded,37
hr-500,8,1,hr.extract_text,heavy,succeeded,35
hr-500,8,1,hr.extract_text,heavy,succeeded,62
hr-500,8,1,hr.extract_text,heavy,succeeded,60
hr-500,8,1,hr.score_candidate,heavy,succeeded,8884
hr-500,8,1,hr.extract_text,heavy,succeeded,77
hr-500,8,1,hr.extract_text,heavy,succeeded,29
hr-500,8,1,hr.score_candidate,heavy,succeeded,27790
hr-500,8,1,hr.extract_text,heavy,succeeded,45
hr-500,8,1,hr.extract_text,heavy,succeeded,72
hr-500,8,1,hr.score_candidate,heavy,succeeded,28476
hr-500,8,1,hr.extract_text,heavy,succeeded,56
hr-500,8,1,hr.extract_text,heavy,succeeded,151
hr-500,8,1,hr.extract_text,heavy,succeeded,43
hr-500,8,1,hr.extract_text,heavy,succeeded,61
hr-500,8,1,hr.score_candidate,heavy,succeeded,25529
hr-500,8,1,hr.score_candidate,heavy,succeeded,24985
hr-500,8,1,hr.extract_text,heavy,succeeded,63
hr-500,8,1,hr.extract_text,heavy,succeeded,68
hr-500,8,1,hr.extract_text,heavy,succeeded,45
hr-500,8,1,hr.extract_text,heavy,succeeded,31
hr-500,8,1,hr.extract_text,heavy,succeeded,26
hr-500,8,1,hr.extract_text,heavy,succeeded,29
hr-500,8,1,hr.extract_text,heavy,succeeded,107
hr-500,8,1,hr.score_candidate,heavy,succeeded,25522
hr-500,8,1,hr.extract_text,heavy,succeeded,74
hr-500,8,1,hr.extract_text,heavy,succeeded,32
hr-500,8,1,hr.extract_text,heavy,succeeded,63
hr-500,8,1,hr.extract_text,heavy,succeeded,29
hr-500,8,1,hr.extract_text,heavy,succeeded,89
hr-500,8,1,hr.score_candidate,heavy,succeeded,24316
hr-500,8,1,hr.score_candidate,heavy,succeeded,28728
hr-500,8,1,hr.score_candidate,heavy,succeeded,26826
hr-500,8,1,hr.score_candidate,heavy,succeeded,9430
hr-500,8,1,hr.score_candidate,heavy,succeeded,11110
hr-500,8,1,hr.score_candidate,heavy,succeeded,14511
hr-500,8,1,hr.score_candidate,heavy,succeeded,10365
hr-500,8,1,hr.score_candidate,heavy,succeeded,8816
hr-500,8,1,hr.score_candidate,heavy,succeeded,11030
hr-500,8,1,hr.score_candidate,heavy,succeeded,11040
hr-500,8,1,hr.score_candidate,heavy,succeeded,9923
hr-500,8,1,hr.score_candidate,heavy,succeeded,8075
hr-500,8,1,hr.score_candidate,heavy,succeeded,9119
hr-500,8,1,hr.score_candidate,heavy,succeeded,11392
hr-500,8,1,hr.score_candidate,heavy,succeeded,9827
hr-500,8,1,hr.score_candidate,heavy,succeeded,11181
hr-500,8,1,hr.score_candidate,heavy,succeeded,12069
hr-500,8,1,hr.score_candidate,heavy,succeeded,9663
hr-500,8,1,hr.score_candidate,heavy,succeeded,7835
hr-500,8,1,hr.score_candidate,heavy,succeeded,10548
hr-500,8,1,hr.score_candidate,heavy,succeeded,10617
hr-500,8,1,hr.score_candidate,heavy,succeeded,10513
hr-500,8,1,hr.score_candidate,heavy,succeeded,9505
hr-500,8,1,hr.score_candidate,heavy,succeeded,10014
hr-500,8,1,hr.score_candidate,heavy,succeeded,9820
hr-500,8,1,hr.score_candidate,heavy,succeeded,35546
hr-500,8,1,hr.score_candidate,heavy,succeeded,33963
hr-500,8,1,hr.score_candidate,heavy,succeeded,33074
hr-500,8,1,hr.score_candidate,heavy,succeeded,31064
hr-500,8,1,hr.score_candidate,heavy,succeeded,29438
hr-500,8,1,hr.score_candidate,heavy,succeeded,28352
hr-500,8,1,hr.score_candidate,heavy,succeeded,41875
hr-500,8,1,hr.score_candidate,heavy,succeeded,31455
hr-500,8,1,hr.score_candidate,heavy,succeeded,11382
hr-500,8,1,hr.score_candidate,heavy,succeeded,9871
hr-500,8,1,hr.score_candidate,heavy,succeeded,11469
hr-500,8,1,hr.score_candidate,heavy,succeeded,9492
hr-500,8,1,hr.score_candidate,heavy,succeeded,8081
hr-500,8,1,hr.score_candidate,heavy,succeeded,8506
hr-500,8,1,hr.score_candidate,heavy,succeeded,13777
hr-500,8,1,hr.score_candidate,heavy,succeeded,12171
hr-500,8,1,hr.score_candidate,heavy,succeeded,10205
hr-500,8,1,hr.score_candidate,heavy,succeeded,10891
hr-500,8,1,hr.score_candidate,heavy,succeeded,13506
hr-500,8,1,hr.score_candidate,heavy,succeeded,9908
hr-500,8,1,hr.score_candidate,heavy,succeeded,9014
hr-500,8,1,hr.score_candidate,heavy,succeeded,10531
hr-500,8,1,hr.score_candidate,heavy,succeeded,11067
hr-500,8,1,hr.score_candidate,heavy,succeeded,8789
hr-500,8,1,hr.score_candidate,heavy,succeeded,8215
hr-500,8,1,hr.score_candidate,heavy,succeeded,8493
hr-500,8,1,hr.score_candidate,heavy,succeeded,11076
hr-500,8,1,hr.score_candidate,heavy,succeeded,10357
hr-500,8,1,hr.score_candidate,heavy,succeeded,11042
hr-500,8,1,hr.score_candidate,heavy,succeeded,35250
hr-500,8,1,hr.score_candidate,heavy,succeeded,31285
hr-500,8,1,hr.score_candidate,heavy,succeeded,9478
hr-500,8,1,hr.score_candidate,heavy,succeeded,30608
hr-500,8,1,hr.score_candidate,heavy,succeeded,29566
hr-500,8,1,hr.score_candidate,heavy,succeeded,29813
hr-500,8,1,hr.score_candidate,heavy,succeeded,27326
hr-500,8,1,hr.score_candidate,heavy,succeeded,31256
hr-500,8,1,hr.score_candidate,heavy,succeeded,31890
hr-500,8,1,hr.score_candidate,heavy,succeeded,11082
hr-500,8,1,hr.score_candidate,heavy,succeeded,12982
hr-500,8,1,hr.score_candidate,heavy,succeeded,11922
hr-500,8,1,hr.score_candidate,heavy,succeeded,11749
hr-500,8,1,hr.score_candidate,heavy,succeeded,11843
hr-500,8,1,hr.score_candidate,heavy,succeeded,9378
hr-500,8,1,hr.score_candidate,heavy,succeeded,12165
hr-500,8,1,hr.score_candidate,heavy,succeeded,9587
hr-500,8,1,hr.score_candidate,heavy,succeeded,12451
hr-500,8,1,hr.score_candidate,heavy,succeeded,8352
hr-500,8,1,hr.score_candidate,heavy,succeeded,10463
hr-500,8,1,hr.score_candidate,heavy,succeeded,9955
hr-500,8,1,hr.score_candidate,heavy,succeeded,9190
hr-500,8,1,hr.score_candidate,heavy,succeeded,10933
hr-500,8,1,hr.score_candidate,heavy,succeeded,15390
hr-500,8,1,hr.score_candidate,heavy,succeeded,13598
hr-500,8,1,hr.score_candidate,heavy,succeeded,13543
hr-500,8,1,hr.score_candidate,heavy,succeeded,10693
hr-500,8,1,hr.score_candidate,heavy,succeeded,11632
hr-500,8,1,hr.score_candidate,heavy,succeeded,10367
hr-500,8,1,hr.score_candidate,heavy,succeeded,13266
hr-500,8,1,hr.score_candidate,heavy,succeeded,10641
hr-500,8,1,hr.score_candidate,heavy,succeeded,28192
hr-500,8,1,hr.score_candidate,heavy,succeeded,32389
hr-500,8,1,hr.score_candidate,heavy,succeeded,27050
hr-500,8,1,hr.score_candidate,heavy,succeeded,26916
hr-500,8,1,hr.score_candidate,heavy,succeeded,27369
hr-500,8,1,hr.score_candidate,heavy,succeeded,26516
hr-500,8,1,hr.score_candidate,heavy,succeeded,32642
hr-500,8,1,hr.score_candidate,heavy,succeeded,33941
hr-500,8,1,hr.score_candidate,heavy,succeeded,14318
hr-500,8,1,hr.score_candidate,heavy,succeeded,14068
hr-500,8,1,hr.score_candidate,heavy,succeeded,15002
hr-500,8,1,hr.score_candidate,heavy,succeeded,15048
hr-500,8,1,hr.score_candidate,heavy,succeeded,12145
hr-500,8,1,hr.score_candidate,heavy,succeeded,13647
hr-500,8,1,hr.score_candidate,heavy,succeeded,12623
hr-500,8,1,hr.score_candidate,heavy,succeeded,15161
hr-500,8,1,hr.score_candidate,heavy,succeeded,11299
hr-500,8,1,hr.score_candidate,heavy,succeeded,11874
hr-500,8,1,hr.score_candidate,heavy,succeeded,11223
hr-500,8,1,hr.score_candidate,heavy,succeeded,14472
hr-500,8,1,hr.score_candidate,heavy,succeeded,12166
hr-500,8,1,hr.score_candidate,heavy,succeeded,11101
hr-500,8,1,hr.score_candidate,heavy,succeeded,11314
hr-500,8,1,hr.score_candidate,heavy,succeeded,12929
hr-500,8,1,hr.score_candidate,heavy,succeeded,11248
hr-500,8,1,hr.score_candidate,heavy,succeeded,11148
hr-500,8,1,hr.score_candidate,heavy,succeeded,11213
hr-500,8,1,hr.score_candidate,heavy,succeeded,12533
hr-500,8,1,hr.score_candidate,heavy,succeeded,13380
hr-500,8,1,hr.score_candidate,heavy,succeeded,9561
hr-500,8,1,hr.score_candidate,heavy,succeeded,9018
hr-500,8,1,hr.score_candidate,heavy,succeeded,24060
hr-500,8,1,hr.score_candidate,heavy,succeeded,22846
hr-500,8,1,hr.score_candidate,heavy,succeeded,23138
hr-500,8,1,hr.score_candidate,heavy,succeeded,22784
hr-500,8,1,hr.score_candidate,heavy,succeeded,29363
hr-500,8,1,hr.score_candidate,heavy,succeeded,26121
hr-500,8,1,hr.score_candidate,heavy,succeeded,28394
hr-500,8,1,hr.score_candidate,heavy,succeeded,21251
hr-500,8,1,hr.score_candidate,heavy,succeeded,11622
hr-500,8,1,hr.score_candidate,heavy,succeeded,12749
hr-500,8,1,hr.score_candidate,heavy,succeeded,14904
hr-500,8,1,hr.score_candidate,heavy,succeeded,11372
hr-500,8,1,hr.score_candidate,heavy,succeeded,11324
hr-500,8,1,hr.score_candidate,heavy,succeeded,10570
hr-500,8,1,hr.score_candidate,heavy,succeeded,11032
hr-500,8,1,hr.score_candidate,heavy,succeeded,8454
hr-500,8,1,hr.score_candidate,heavy,succeeded,12137
hr-500,8,1,hr.score_candidate,heavy,succeeded,6631
hr-500,8,1,hr.score_candidate,heavy,succeeded,13134
hr-500,8,1,hr.score_candidate,heavy,succeeded,11763
hr-500,8,1,hr.score_candidate,heavy,succeeded,9618
hr-500,8,1,hr.score_candidate,heavy,succeeded,10376
hr-500,8,1,hr.score_candidate,heavy,succeeded,9702
hr-500,8,1,hr.score_candidate,heavy,succeeded,8474
hr-500,8,1,hr.score_candidate,heavy,succeeded,11623
hr-500,8,1,hr.score_candidate,heavy,succeeded,12064
hr-500,8,1,hr.score_candidate,heavy,succeeded,11147
hr-500,8,1,hr.score_candidate,heavy,succeeded,10764
hr-500,8,1,hr.score_candidate,heavy,succeeded,11694
hr-500,8,1,hr.score_candidate,heavy,succeeded,33670
hr-500,8,1,hr.score_candidate,heavy,succeeded,9123
hr-500,8,1,hr.score_candidate,heavy,succeeded,11889
hr-500,8,1,hr.score_candidate,heavy,succeeded,29559
hr-500,8,1,hr.score_candidate,heavy,succeeded,31742
hr-500,8,1,hr.score_candidate,heavy,succeeded,31095
hr-500,8,1,hr.score_candidate,heavy,succeeded,29543
hr-500,8,1,hr.score_candidate,heavy,succeeded,28061
hr-500,8,1,hr.score_candidate,heavy,succeeded,27641
hr-500,8,1,hr.score_candidate,heavy,succeeded,27775
hr-500,8,1,hr.score_candidate,heavy,succeeded,14613
hr-500,8,1,hr.score_candidate,heavy,succeeded,11633
hr-500,8,1,hr.score_candidate,heavy,succeeded,10476
hr-500,8,1,hr.score_candidate,heavy,succeeded,9294
hr-500,8,1,hr.score_candidate,heavy,succeeded,13373
hr-500,8,1,hr.score_candidate,heavy,succeeded,10592
hr-500,8,1,hr.score_candidate,heavy,succeeded,9323
hr-500,8,1,hr.score_candidate,heavy,succeeded,17011
hr-500,8,1,hr.score_candidate,heavy,succeeded,11966
hr-500,8,1,hr.score_candidate,heavy,succeeded,10525
hr-500,8,1,hr.score_candidate,heavy,succeeded,14657
hr-500,8,1,hr.score_candidate,heavy,succeeded,14420
hr-500,8,1,hr.score_candidate,heavy,succeeded,8725
hr-500,8,1,hr.score_candidate,heavy,succeeded,13274
hr-500,8,1,hr.score_candidate,heavy,succeeded,11220
hr-500,8,1,hr.score_candidate,heavy,succeeded,14704
hr-500,8,1,hr.score_candidate,heavy,succeeded,10168
hr-500,8,1,hr.score_candidate,heavy,succeeded,10465
hr-500,8,1,hr.score_candidate,heavy,succeeded,9390
hr-500,8,1,hr.score_candidate,heavy,succeeded,30915
hr-500,8,1,hr.score_candidate,heavy,succeeded,9661
hr-500,8,1,hr.score_candidate,heavy,succeeded,31506
hr-500,8,1,hr.score_candidate,heavy,succeeded,29626
hr-500,8,1,hr.score_candidate,heavy,succeeded,27407
hr-500,8,1,hr.score_candidate,heavy,succeeded,25393
hr-500,8,1,hr.score_candidate,heavy,succeeded,26111
hr-500,8,1,hr.score_candidate,heavy,succeeded,33587
hr-500,8,1,hr.score_candidate,heavy,succeeded,23047
hr-500,8,1,hr.score_candidate,heavy,succeeded,10383
hr-500,8,1,hr.score_candidate,heavy,succeeded,9573
hr-500,8,1,hr.score_candidate,heavy,succeeded,13171
hr-500,8,1,hr.score_candidate,heavy,succeeded,11760
hr-500,8,1,hr.score_candidate,heavy,succeeded,11506
hr-500,8,1,hr.score_candidate,heavy,succeeded,13792
hr-500,8,1,hr.score_candidate,heavy,succeeded,11820
hr-500,8,1,hr.score_candidate,heavy,succeeded,20170
hr-500,8,1,hr.score_candidate,heavy,succeeded,17753
hr-500,8,1,hr.score_candidate,heavy,succeeded,13359
hr-500,8,1,hr.score_candidate,heavy,succeeded,10291
hr-500,8,1,hr.score_candidate,heavy,succeeded,11116
hr-500,8,1,hr.score_candidate,heavy,succeeded,12577
hr-500,8,1,hr.score_candidate,heavy,succeeded,10797
hr-500,8,1,hr.score_candidate,heavy,succeeded,9883
hr-500,8,1,hr.score_candidate,heavy,succeeded,11235
hr-500,8,1,hr.score_candidate,heavy,succeeded,9138
hr-500,8,1,hr.score_candidate,heavy,succeeded,12790
hr-500,8,1,hr.score_candidate,heavy,succeeded,12229
hr-500,8,1,hr.score_candidate,heavy,succeeded,12747
hr-500,8,1,hr.score_candidate,heavy,succeeded,12455
hr-500,8,1,hr.score_candidate,heavy,succeeded,9478
hr-500,8,1,hr.score_candidate,heavy,succeeded,9622
hr-500,8,1,hr.score_candidate,heavy,succeeded,26174
hr-500,8,1,hr.score_candidate,heavy,succeeded,24986
hr-500,8,1,hr.score_candidate,heavy,succeeded,21876
hr-500,8,1,hr.score_candidate,heavy,succeeded,21020
hr-500,8,1,hr.score_candidate,heavy,succeeded,26745
hr-500,8,1,hr.score_candidate,heavy,succeeded,26124
hr-500,8,1,hr.score_candidate,heavy,succeeded,26199
hr-500,8,1,hr.score_candidate,heavy,succeeded,27189
hr-500,8,1,hr.score_candidate,heavy,succeeded,12046
hr-500,8,1,hr.score_candidate,heavy,succeeded,12149
hr-500,8,1,hr.score_candidate,heavy,succeeded,11778
hr-500,8,1,hr.score_candidate,heavy,succeeded,10470
hr-500,8,1,hr.score_candidate,heavy,succeeded,9110
hr-500,8,1,hr.score_candidate,heavy,succeeded,9784
hr-500,8,1,hr.score_candidate,heavy,succeeded,10322
hr-500,8,1,hr.score_candidate,heavy,succeeded,11946
hr-500,8,1,hr.score_candidate,heavy,succeeded,7976
hr-500,8,1,hr.score_candidate,heavy,succeeded,7961
hr-500,8,1,hr.score_candidate,heavy,succeeded,8003
hr-500,8,1,hr.score_candidate,heavy,succeeded,9696
hr-500,8,1,hr.score_candidate,heavy,succeeded,7783
hr-500,8,1,hr.score_candidate,heavy,succeeded,9321
hr-500,8,1,hr.score_candidate,heavy,succeeded,10642
hr-500,8,1,hr.score_candidate,heavy,succeeded,7154
hr-500,8,1,hr.score_candidate,heavy,succeeded,10731
hr-500,8,1,hr.score_candidate,heavy,succeeded,10097
hr-500,8,1,hr.score_candidate,heavy,succeeded,9015
hr-500,8,1,hr.score_candidate,heavy,succeeded,10674
hr-500,8,1,hr.score_candidate,heavy,succeeded,7705
hr-500,8,1,hr.score_candidate,heavy,succeeded,35333
hr-500,8,1,hr.score_candidate,heavy,succeeded,33939
hr-500,8,1,hr.score_candidate,heavy,succeeded,33679
hr-500,8,1,hr.score_candidate,heavy,succeeded,30430
hr-500,8,1,hr.score_candidate,heavy,succeeded,30129
hr-500,8,1,hr.score_candidate,heavy,succeeded,30112
hr-500,8,1,hr.score_candidate,heavy,succeeded,34902
hr-500,8,1,hr.score_candidate,heavy,succeeded,32107
hr-500,8,1,hr.score_candidate,heavy,succeeded,9387
hr-500,8,1,hr.score_candidate,heavy,succeeded,17229
hr-500,8,1,hr.score_candidate,heavy,succeeded,10381
hr-500,8,1,hr.score_candidate,heavy,succeeded,9016
hr-500,8,1,hr.score_candidate,heavy,succeeded,11564
hr-500,8,1,hr.score_candidate,heavy,succeeded,12721
hr-500,8,1,hr.score_candidate,heavy,succeeded,11713
hr-500,8,1,hr.score_candidate,heavy,succeeded,9040
hr-500,8,1,hr.score_candidate,heavy,succeeded,9938
hr-500,8,1,hr.score_candidate,heavy,succeeded,12543
hr-500,8,1,hr.score_candidate,heavy,succeeded,9853
hr-500,8,1,hr.score_candidate,heavy,succeeded,10254
hr-500,8,1,hr.score_candidate,heavy,succeeded,9182
hr-500,8,1,hr.score_candidate,heavy,succeeded,9520
hr-500,8,1,hr.score_candidate,heavy,succeeded,11218
hr-500,8,1,hr.score_candidate,heavy,succeeded,12041
hr-500,8,1,hr.score_candidate,heavy,succeeded,9556
hr-500,8,1,hr.score_candidate,heavy,succeeded,9121
hr-500,8,1,hr.score_candidate,heavy,succeeded,10363
hr-500,8,1,hr.score_candidate,heavy,succeeded,10335
hr-500,8,1,hr.score_candidate,heavy,succeeded,9442
hr-500,8,1,hr.score_candidate,heavy,succeeded,8511
hr-500,8,1,hr.score_candidate,heavy,succeeded,10233
hr-500,8,1,hr.score_candidate,heavy,succeeded,31604
hr-500,8,1,hr.score_candidate,heavy,succeeded,31007
hr-500,8,1,hr.score_candidate,heavy,succeeded,31141
hr-500,8,1,hr.score_candidate,heavy,succeeded,28737
hr-500,8,1,hr.score_candidate,heavy,succeeded,32656
hr-500,8,1,hr.score_candidate,heavy,succeeded,31788
hr-500,8,1,hr.score_candidate,heavy,succeeded,32343
hr-500,8,1,hr.score_candidate,heavy,succeeded,28632
hr-500,8,1,hr.score_candidate,heavy,succeeded,12722
hr-500,8,1,hr.score_candidate,heavy,succeeded,12111
hr-500,8,1,hr.score_candidate,heavy,succeeded,14423
hr-500,8,1,hr.score_candidate,heavy,succeeded,9319
hr-500,8,1,hr.score_candidate,heavy,succeeded,11045
hr-500,8,1,hr.score_candidate,heavy,succeeded,14180
hr-500,8,1,hr.score_candidate,heavy,succeeded,9771
hr-500,8,1,hr.score_candidate,heavy,succeeded,9911
hr-500,8,1,hr.score_candidate,heavy,succeeded,13441
hr-500,8,1,hr.score_candidate,heavy,succeeded,11992
hr-500,8,1,hr.score_candidate,heavy,succeeded,10445
hr-500,8,1,hr.score_candidate,heavy,succeeded,11214
hr-500,8,1,hr.score_candidate,heavy,succeeded,10099
hr-500,8,1,hr.score_candidate,heavy,succeeded,8515
hr-500,8,1,hr.score_candidate,heavy,succeeded,14273
hr-500,8,1,hr.score_candidate,heavy,succeeded,11602
hr-500,8,1,hr.score_candidate,heavy,succeeded,9365
hr-500,8,1,hr.score_candidate,heavy,succeeded,11463
hr-500,8,1,hr.score_candidate,heavy,succeeded,9827
hr-500,8,1,hr.score_candidate,heavy,succeeded,35483
hr-500,8,1,hr.score_candidate,heavy,succeeded,11732
hr-500,8,1,hr.score_candidate,heavy,succeeded,11413
hr-500,8,1,hr.score_candidate,heavy,succeeded,29778
hr-500,8,1,hr.score_candidate,heavy,succeeded,28621
hr-500,8,1,hr.score_candidate,heavy,succeeded,26810
hr-500,8,1,hr.score_candidate,heavy,succeeded,27114
hr-500,8,1,hr.score_candidate,heavy,succeeded,24984
hr-500,8,1,hr.score_candidate,heavy,succeeded,26758
hr-500,8,1,hr.score_candidate,heavy,succeeded,34002
hr-500,8,1,hr.score_candidate,heavy,succeeded,11589
hr-500,8,1,hr.score_candidate,heavy,succeeded,9632
hr-500,8,1,hr.score_candidate,heavy,succeeded,10260
hr-500,8,1,hr.score_candidate,heavy,succeeded,9135
hr-500,8,1,hr.score_candidate,heavy,succeeded,12096
hr-500,8,1,hr.score_candidate,heavy,succeeded,10523
hr-500,8,1,hr.score_candidate,heavy,succeeded,11112
hr-500,8,1,hr.score_candidate,heavy,succeeded,8928
hr-500,8,1,hr.score_candidate,heavy,succeeded,10003
hr-500,8,1,hr.score_candidate,heavy,succeeded,7791
hr-500,8,1,hr.score_candidate,heavy,succeeded,9921
hr-500,8,1,hr.score_candidate,heavy,succeeded,14920
hr-500,8,1,hr.score_candidate,heavy,succeeded,10579
hr-500,8,1,hr.score_candidate,heavy,succeeded,9199
hr-500,8,1,hr.score_candidate,heavy,succeeded,9708
hr-500,8,1,hr.score_candidate,heavy,succeeded,9429
hr-500,8,1,hr.score_candidate,heavy,succeeded,8781
hr-500,8,1,hr.score_candidate,heavy,succeeded,9472
hr-500,8,1,hr.score_candidate,heavy,succeeded,11226
hr-500,8,1,hr.score_candidate,heavy,succeeded,9974
hr-500,8,1,hr.score_candidate,heavy,succeeded,9070
hr-500,8,1,hr.score_candidate,heavy,succeeded,11033
hr-500,8,1,hr.score_candidate,heavy,succeeded,35334
hr-500,8,1,hr.score_candidate,heavy,succeeded,7619
hr-500,8,1,hr.score_candidate,heavy,succeeded,34976
hr-500,8,1,hr.score_candidate,heavy,succeeded,34377
hr-500,8,1,hr.score_candidate,heavy,succeeded,32911
hr-500,8,1,hr.score_candidate,heavy,succeeded,35964
hr-500,8,1,hr.score_candidate,heavy,succeeded,32956
hr-500,8,1,hr.score_candidate,heavy,succeeded,31190
hr-500,8,1,hr.score_candidate,heavy,succeeded,30334
hr-500,8,1,hr.score_candidate,heavy,succeeded,10945
hr-500,8,1,hr.score_candidate,heavy,succeeded,10221
hr-500,8,1,hr.score_candidate,heavy,succeeded,9891
hr-500,8,1,hr.score_candidate,heavy,succeeded,10688
hr-500,8,1,hr.score_candidate,heavy,succeeded,14221
hr-500,8,1,hr.score_candidate,heavy,succeeded,9963
hr-500,8,1,hr.score_candidate,heavy,succeeded,11423
hr-500,8,1,hr.score_candidate,heavy,succeeded,14804
hr-500,8,1,hr.score_candidate,heavy,succeeded,12798
hr-500,8,1,hr.score_candidate,heavy,succeeded,15847
hr-500,8,1,hr.score_candidate,heavy,succeeded,10444
hr-500,8,1,hr.score_candidate,heavy,succeeded,9833
hr-500,8,1,hr.score_candidate,heavy,succeeded,14894
hr-500,8,1,hr.score_candidate,heavy,succeeded,10669
hr-500,8,1,hr.score_candidate,heavy,succeeded,9658
hr-500,8,1,hr.score_candidate,heavy,succeeded,9550
hr-500,8,1,hr.score_candidate,heavy,succeeded,12879
hr-500,8,1,hr.score_candidate,heavy,succeeded,10283
hr-500,8,1,hr.score_candidate,heavy,succeeded,10764
hr-500,8,1,hr.score_candidate,heavy,succeeded,10994
hr-500,8,1,hr.score_candidate,heavy,succeeded,9505
hr-500,8,1,hr.score_candidate,heavy,succeeded,10491
hr-500,8,1,hr.score_candidate,heavy,succeeded,30044
hr-500,8,1,hr.score_candidate,heavy,succeeded,28523
hr-500,8,1,hr.score_candidate,heavy,succeeded,25932
hr-500,8,1,hr.score_candidate,heavy,succeeded,24126
hr-500,8,1,hr.score_candidate,heavy,succeeded,29921
hr-500,8,1,hr.score_candidate,heavy,succeeded,26808
hr-500,8,1,hr.score_candidate,heavy,succeeded,24865
hr-500,8,1,hr.score_candidate,heavy,succeeded,24233
hr-500,8,1,hr.score_candidate,heavy,succeeded,7624
hr-500,8,1,hr.score_candidate,heavy,succeeded,8635
hr-500,8,1,hr.score_candidate,heavy,succeeded,13960
hr-500,8,1,hr.score_candidate,heavy,succeeded,9546
hr-500,8,1,hr.score_candidate,heavy,succeeded,13223
hr-500,8,1,hr.score_candidate,heavy,succeeded,9555
hr-500,8,1,hr.score_candidate,heavy,succeeded,9353
hr-500,8,1,hr.score_candidate,heavy,succeeded,9129
hr-500,8,1,hr.score_candidate,heavy,succeeded,12729
hr-500,8,1,hr.score_candidate,heavy,succeeded,10699
hr-500,8,1,hr.score_candidate,heavy,succeeded,10022
hr-500,8,1,hr.score_candidate,heavy,succeeded,15550
hr-500,8,1,hr.score_candidate,heavy,succeeded,7886
hr-500,8,1,hr.score_candidate,heavy,succeeded,15959
hr-500,8,1,hr.score_candidate,heavy,succeeded,12611
hr-500,8,1,hr.score_candidate,heavy,succeeded,8942
hr-500,8,1,hr.score_candidate,heavy,succeeded,8558
hr-500,8,1,hr.score_candidate,heavy,succeeded,8633
hr-500,8,1,hr.score_candidate,heavy,succeeded,9776
hr-500,8,1,hr.score_candidate,heavy,succeeded,8179
hr-500,8,1,hr.score_candidate,heavy,succeeded,9705
hr-500,8,1,hr.score_candidate,heavy,succeeded,30865
hr-500,8,1,hr.score_candidate,heavy,succeeded,32325
hr-500,8,1,hr.score_candidate,heavy,succeeded,30471
hr-500,8,1,hr.score_candidate,heavy,succeeded,30856
hr-500,8,1,hr.score_candidate,heavy,succeeded,29294
hr-500,8,1,hr.score_candidate,heavy,succeeded,31326
hr-500,8,1,hr.score_candidate,heavy,succeeded,33014
hr-500,8,1,hr.score_candidate,heavy,succeeded,30002
hr-500,8,1,hr.score_candidate,heavy,succeeded,11049
hr-500,8,1,hr.score_candidate,heavy,succeeded,10199
hr-500,8,1,hr.score_candidate,heavy,succeeded,10155
hr-500,8,1,hr.score_candidate,heavy,succeeded,11055
hr-500,8,1,hr.score_candidate,heavy,succeeded,8749
hr-500,8,1,hr.score_candidate,heavy,succeeded,7775
hr-500,8,1,hr.score_candidate,heavy,succeeded,10573
hr-500,8,1,hr.score_candidate,heavy,succeeded,11788
hr-500,8,1,hr.score_candidate,heavy,succeeded,8578
hr-500,8,1,hr.score_candidate,heavy,succeeded,9616
hr-500,8,1,hr.score_candidate,heavy,succeeded,8573
hr-500,8,1,hr.score_candidate,heavy,succeeded,10309
hr-500,8,1,hr.score_candidate,heavy,succeeded,14787
hr-500,8,1,hr.score_candidate,heavy,succeeded,8445
hr-500,8,1,hr.score_candidate,heavy,succeeded,9340
hr-500,8,1,hr.score_candidate,heavy,succeeded,8295
hr-500,8,1,hr.score_candidate,heavy,succeeded,11183
hr-500,8,1,hr.score_candidate,heavy,succeeded,10685
hr-500,8,1,hr.score_candidate,heavy,succeeded,8213
hr-500,8,1,hr.score_candidate,heavy,succeeded,8363
hr-500,8,1,hr.score_candidate,heavy,succeeded,10338
hr-500,8,1,hr.score_candidate,heavy,succeeded,8561
hr-500,8,1,hr.score_candidate,heavy,succeeded,36851
hr-500,8,1,hr.score_candidate,heavy,succeeded,36026
hr-500,8,1,hr.score_candidate,heavy,succeeded,33675
hr-500,8,1,hr.score_candidate,heavy,succeeded,33238
hr-500,8,1,hr.score_candidate,heavy,succeeded,32907
hr-500,8,1,hr.score_candidate,heavy,succeeded,31804
hr-500,8,1,hr.score_candidate,heavy,succeeded,33815
hr-500,8,1,hr.score_candidate,heavy,succeeded,32478
hr-500,8,1,hr.score_candidate,heavy,succeeded,10629
hr-500,8,1,hr.score_candidate,heavy,succeeded,8149
hr-500,8,1,hr.score_candidate,heavy,succeeded,8499
hr-500,8,1,hr.score_candidate,heavy,succeeded,11194
hr-500,8,1,hr.score_candidate,heavy,succeeded,10177
hr-500,8,1,hr.score_candidate,heavy,succeeded,9979
hr-500,8,1,hr.score_candidate,heavy,succeeded,8072
hr-500,8,1,hr.score_candidate,heavy,succeeded,8311
hr-500,8,1,hr.score_candidate,heavy,succeeded,7096
hr-500,8,1,hr.score_candidate,heavy,succeeded,10746
hr-500,8,1,hr.score_candidate,heavy,succeeded,9426
hr-500,8,1,hr.score_candidate,heavy,succeeded,8903
hr-500,8,1,hr.score_candidate,heavy,succeeded,9385
hr-500,8,1,hr.score_candidate,heavy,succeeded,8039
hr-500,8,1,hr.score_candidate,heavy,succeeded,11206
hr-500,8,1,hr.rank_run,light,succeeded,230
